Unity Editor version:    2022.3.62f1 (4af31df58517)
Branch:                  2022.3/staging
Build type:              Release
Batch mode:              YES
System name:             Linux
Distro version:          #63-Ubuntu SMP PREEMPT_DYNAMIC Tue Apr 15 19:04:15 UTC 2025
Kernel version:          6.8.0-60-generic
Architecture:            x86_64
Window Protocol:         Wayland (XWayland)
Available memory:        7295 MB
Using pre-set license
Pro License: YES

(Unity:16137): Gtk-CRITICAL **: 16:14:57.893: gtk_window_set_default_icon: assertion 'GDK_IS_PIXBUF (icon)' failed

(Unity:16137): GLib-GObject-CRITICAL **: 16:14:57.894: g_object_unref: assertion 'G_IS_OBJECT (object)' failed
Desktop is 3520 x 1080 @ 60 Hz
Initialize udev device monitor.

COMMAND LINE ARGUMENTS:
Unity
-adb2
-batchMode
-noUpm
-name
AssetImportWorker0
-projectPath
/home/zum/Área de Trabalho/Projetos unity/Fuga-do-CAPS
-logFile
Logs/AssetImportWorker0.log
-srvPort
46431
Successfully changed project path to: /home/zum/Área de Trabalho/Projetos unity/Fuga-do-CAPS
/home/zum/Área de Trabalho/Projetos unity/Fuga-do-CAPS
[UnityMemory] Configuration Parameters - Can be set up in boot.config
    "memorysetup-bucket-allocator-granularity=16"
    "memorysetup-bucket-allocator-bucket-count=8"
    "memorysetup-bucket-allocator-block-size=33554432"
    "memorysetup-bucket-allocator-block-count=8"
    "memorysetup-main-allocator-block-size=16777216"
    "memorysetup-thread-allocator-block-size=16777216"
    "memorysetup-gfx-main-allocator-block-size=16777216"
    "memorysetup-gfx-thread-allocator-block-size=16777216"
    "memorysetup-cache-allocator-block-size=4194304"
    "memorysetup-typetree-allocator-block-size=2097152"
    "memorysetup-profiler-bucket-allocator-granularity=16"
    "memorysetup-profiler-bucket-allocator-bucket-count=8"
    "memorysetup-profiler-bucket-allocator-block-size=33554432"
    "memorysetup-profiler-bucket-allocator-block-count=8"
    "memorysetup-profiler-allocator-block-size=16777216"
    "memorysetup-profiler-editor-allocator-block-size=1048576"
    "memorysetup-temp-allocator-size-main=16777216"
    "memorysetup-job-temp-allocator-block-size=2097152"
    "memorysetup-job-temp-allocator-block-size-background=1048576"
    "memorysetup-job-temp-allocator-reduction-small-platforms=262144"
    "memorysetup-allocator-temp-initial-block-size-main=262144"
    "memorysetup-allocator-temp-initial-block-size-worker=262144"
    "memorysetup-temp-allocator-size-background-worker=32768"
    "memorysetup-temp-allocator-size-job-worker=262144"
    "memorysetup-temp-allocator-size-preload-manager=33554432"
    "memorysetup-temp-allocator-size-nav-mesh-worker=65536"
    "memorysetup-temp-allocator-size-audio-worker=65536"
    "memorysetup-temp-allocator-size-cloud-worker=32768"
    "memorysetup-temp-allocator-size-gi-baking-worker=262144"
    "memorysetup-temp-allocator-size-gfx=262144"
Player connection [128984630793216]  Target information:

Player connection [128984630793216]  * "[IP] 192.168.1.5 [Port] 0 [Flags] 2 [Guid] 3073775116 [EditorId] 3073775116 [Version] 1048832 [Id] LinuxEditor(16,192.168.1.5) [Debug] 1 [PackageName] LinuxEditor [ProjectName] Editor" 

Player connection [128984630793216] Host joined multi-casting on [225.0.0.222:54997]...
Player connection [128984630793216] Host joined alternative multi-casting on [225.0.0.222:34997]...
Input System module state changed to: Initialized.
[PhysX] Initialized MultithreadedTaskDispatcher with 12 workers.
Refreshing native plugins compatible for Editor in 36,37 ms, found 0 plugins.
Preloading 0 native plugins for Editor in 0,00 ms.
Initialize engine version: 2022.3.62f1 (4af31df58517)
[Subsystems] Discovering subsystems at path /home/zum/Unity/Hub/Editor/2022.3.62f1/Editor/Data/Resources/UnitySubsystems
[Subsystems] Discovering subsystems at path /home/zum/Área de Trabalho/Projetos unity/Fuga-do-CAPS/Assets
GLX Extensions: GLX_ARB_context_flush_control GLX_ARB_create_context GLX_ARB_create_context_no_error GLX_ARB_create_context_profile GLX_ARB_create_context_robustness GLX_ARB_fbconfig_float GLX_ARB_framebuffer_sRGB GLX_ARB_get_proc_address GLX_ARB_multisample GLX_EXT_buffer_age GLX_EXT_create_context_es2_profile GLX_EXT_create_context_es_profile GLX_EXT_fbconfig_packed_float GLX_EXT_framebuffer_sRGB GLX_EXT_no_config_context GLX_EXT_swap_control GLX_EXT_swap_control_tear GLX_EXT_texture_from_pixmap GLX_EXT_visual_info GLX_EXT_visual_rating GLX_MESA_copy_sub_buffer GLX_MESA_gl_interop GLX_MESA_query_renderer GLX_MESA_swap_control GLX_OML_sync_control GLX_SGIS_multisample GLX_SGIX_fbconfig GLX_SGIX_pbuffer GLX_SGIX_visual_select_group GLX_SGI_make_current_read GLX_SGI_video_sync 
Renderer: AMD Radeon Graphics (radeonsi, renoir, LLVM 19.1.1, DRM 3.57, 6.8.0-60-generic)
Vendor:   AMD
Version:  4.6 (Core Profile) Mesa 24.2.8-1ubuntu1~24.04.1
GLES:     0
 GL_AMD_conservative_depth GL_AMD_depth_clamp_separate GL_AMD_draw_buffers_blend GL_AMD_framebuffer_multisample_advanced GL_AMD_gpu_shader_int64 GL_AMD_multi_draw_indirect GL_AMD_performance_monitor GL_AMD_pinned_memory GL_AMD_query_buffer_object GL_AMD_seamless_cubemap_per_texture GL_AMD_shader_stencil_export GL_AMD_shader_trinary_minmax GL_AMD_texture_texture4 GL_AMD_vertex_shader_layer GL_AMD_vertex_shader_viewport_index GL_ANGLE_texture_compression_dxt3 GL_ANGLE_texture_compression_dxt5 GL_ARB_ES2_compatibility GL_ARB_ES3_1_compatibility GL_ARB_ES3_2_compatibility GL_ARB_ES3_compatibility GL_ARB_arrays_of_arrays GL_ARB_base_instance GL_ARB_bindless_texture GL_ARB_blend_func_extended GL_ARB_buffer_storage GL_ARB_clear_buffer_object GL_ARB_clear_texture GL_ARB_clip_control GL_ARB_color_buffer_float GL_ARB_compressed_texture_pixel_storage GL_ARB_compute_shader GL_ARB_compute_variable_group_size GL_ARB_conditional_render_inverted GL_ARB_conservative_depth GL_ARB_copy_buffer GL_ARB_copy_image GL_ARB_cull_dist
ance GL_ARB_debug_output GL_ARB_depth_buffer_float GL_ARB_depth_clamp GL_ARB_derivative_control GL_ARB_direct_state_access GL_ARB_draw_buffers GL_ARB_draw_buffers_blend GL_ARB_draw_elements_base_vertex GL_ARB_draw_indirect GL_ARB_draw_instanced GL_ARB_enhanced_layouts GL_ARB_explicit_attrib_location GL_ARB_explicit_uniform_location GL_ARB_fragment_coord_conventions GL_ARB_fragment_layer_viewport GL_ARB_fragment_shader GL_ARB_framebuffer_no_attachments GL_ARB_framebuffer_object GL_ARB_framebuffer_sRGB GL_ARB_get_program_binary GL_ARB_get_texture_sub_image GL_ARB_gl_spirv GL_ARB_gpu_shader5 GL_ARB_gpu_shader_fp64 GL_ARB_gpu_shader_int64 GL_ARB_half_float_pixel GL_ARB_half_float_vertex GL_ARB_indirect_parameters GL_ARB_instanced_arrays GL_ARB_internalformat_query GL_ARB_internalformat_query2 GL_ARB_invalidate_subdata GL_ARB_map_buffer_alignment GL_ARB_map_buffer_range GL_ARB_multi_bind GL_ARB_multi_draw_indirect GL_ARB_occlusion_query2 GL_ARB_parallel_shader_compile GL_ARB_pipeline_statistics_query GL_ARB_pixel
_buffer_object GL_ARB_point_sprite GL_ARB_polygon_offset_clamp GL_ARB_program_interface_query GL_ARB_provoking_vertex GL_ARB_query_buffer_object GL_ARB_robust_buffer_access_behavior GL_ARB_robustness GL_ARB_sample_shading GL_ARB_sampler_objects GL_ARB_seamless_cube_map GL_ARB_seamless_cubemap_per_texture GL_ARB_separate_shader_objects GL_ARB_shader_atomic_counter_ops GL_ARB_shader_atomic_counters GL_ARB_shader_ballot GL_ARB_shader_bit_encoding GL_ARB_shader_clock GL_ARB_shader_draw_parameters GL_ARB_shader_group_vote GL_ARB_shader_image_load_store GL_ARB_shader_image_size GL_ARB_shader_objects GL_ARB_shader_precision GL_ARB_shader_stencil_export GL_ARB_shader_storage_buffer_object GL_ARB_shader_subroutine GL_ARB_shader_texture_image_samples GL_ARB_shader_texture_lod GL_ARB_shader_viewport_layer_array GL_ARB_shading_language_420pack GL_ARB_shading_language_include GL_ARB_shading_language_packing GL_ARB_sparse_buffer GL_ARB_sparse_texture GL_ARB_sparse_texture2 GL_ARB_sparse_texture_clamp GL_ARB_spirv_extensio
ns GL_ARB_stencil_texturing GL_ARB_sync GL_ARB_tessellation_shader GL_ARB_texture_barrier GL_ARB_texture_border_clamp GL_ARB_texture_buffer_object GL_ARB_texture_buffer_object_rgb32 GL_ARB_texture_buffer_range GL_ARB_texture_compression_bptc GL_ARB_texture_compression_rgtc GL_ARB_texture_cube_map_array GL_ARB_texture_filter_anisotropic GL_ARB_texture_filter_minmax GL_ARB_texture_float GL_ARB_texture_gather GL_ARB_texture_mirror_clamp_to_edge GL_ARB_texture_multisample GL_ARB_texture_non_power_of_two GL_ARB_texture_query_levels GL_ARB_texture_query_lod GL_ARB_texture_rectangle GL_ARB_texture_rg GL_ARB_texture_rgb10_a2ui GL_ARB_texture_stencil8 GL_ARB_texture_storage GL_ARB_texture_storage_multisample GL_ARB_texture_swizzle GL_ARB_texture_view GL_ARB_timer_query GL_ARB_transform_feedback2 GL_ARB_transform_feedback3 GL_ARB_transform_feedback_instanced GL_ARB_transform_feedback_overflow_query GL_ARB_uniform_buffer_object GL_ARB_vertex_array_bgra GL_ARB_vertex_array_object GL_ARB_vertex_attrib_64bit GL_ARB_vertex
_attrib_binding GL_ARB_vertex_buffer_object GL_ARB_vertex_shader GL_ARB_vertex_type_10f_11f_11f_rev GL_ARB_vertex_type_2_10_10_10_rev GL_ARB_viewport_array GL_ATI_blend_equation_separate GL_ATI_meminfo GL_ATI_texture_float GL_ATI_texture_mirror_once GL_EXT_EGL_image_storage GL_EXT_EGL_image_storage_compression GL_EXT_EGL_sync GL_EXT_abgr GL_EXT_blend_equation_separate GL_EXT_debug_label GL_EXT_demote_to_helper_invocation GL_EXT_depth_bounds_test GL_EXT_draw_buffers2 GL_EXT_draw_instanced GL_EXT_framebuffer_blit GL_EXT_framebuffer_multisample GL_EXT_framebuffer_multisample_blit_scaled GL_EXT_framebuffer_object GL_EXT_framebuffer_sRGB GL_EXT_memory_object GL_EXT_memory_object_fd GL_EXT_packed_depth_stencil GL_EXT_packed_float GL_EXT_pixel_buffer_object GL_EXT_polygon_offset_clamp GL_EXT_provoking_vertex GL_EXT_semaphore GL_EXT_semaphore_fd GL_EXT_shader_image_load_formatted GL_EXT_shader_image_load_store GL_EXT_shader_integer_mix GL_EXT_shader_samples_identical GL_EXT_texture_array GL_EXT_texture_compression_d
xt1 GL_EXT_texture_compression_rgtc GL_EXT_texture_compression_s3tc GL_EXT_texture_filter_anisotropic GL_EXT_texture_filter_minmax GL_EXT_texture_integer GL_EXT_texture_mirror_clamp GL_EXT_texture_sRGB GL_EXT_texture_sRGB_R8 GL_EXT_texture_sRGB_decode GL_EXT_texture_shadow_lod GL_EXT_texture_shared_exponent GL_EXT_texture_snorm GL_EXT_texture_storage GL_EXT_texture_swizzle GL_EXT_timer_query GL_EXT_transform_feedback GL_EXT_vertex_array_bgra GL_EXT_vertex_attrib_64bit GL_EXT_window_rectangles GL_IBM_multimode_draw_arrays GL_INTEL_blackhole_render GL_KHR_blend_equation_advanced GL_KHR_context_flush_control GL_KHR_debug GL_KHR_no_error GL_KHR_parallel_shader_compile GL_KHR_robust_buffer_access_behavior GL_KHR_robustness GL_KHR_texture_compression_astc_ldr GL_KHR_texture_compression_astc_sliced_3d GL_MESA_framebuffer_flip_y GL_MESA_pack_invert GL_MESA_shader_integer_functions GL_MESA_texture_const_bandwidth GL_MESA_texture_signed_rgba GL_NVX_gpu_memory_info GL_NV_alpha_to_coverage_dither_control GL_NV_compute_s
hader_derivatives GL_NV_conditional_render GL_NV_copy_image GL_NV_depth_clamp GL_NV_packed_depth_stencil GL_NV_shader_atomic_int64 GL_NV_texture_barrier GL_NV_vdpau_interop GL_OES_EGL_image GL_S3_s3tc
OPENGL LOG: Creating OpenGL 4.6 graphics device ; Context level  <OpenGL 4.5> ; Context handle 391307568
Initialize mono
Mono path[0] = '/home/zum/Unity/Hub/Editor/2022.3.62f1/Editor/Data/Managed'
Mono path[1] = '/home/zum/Unity/Hub/Editor/2022.3.62f1/Editor/Data/MonoBleedingEdge/lib/mono/unityjit-linux'
Mono config path = '/home/zum/Unity/Hub/Editor/2022.3.62f1/Editor/Data/MonoBleedingEdge/etc'
Using monoOptions --debugger-agent=transport=dt_socket,embedding=1,server=y,suspend=n,address=127.0.0.1:56137
Begin MonoManager ReloadAssembly
Registering precompiled unity dll's ...
Register platform support module: /home/zum/Unity/Hub/Editor/2022.3.62f1/Editor/Data/PlaybackEngines/AndroidPlayer/UnityEditor.Android.Extensions.dll
Register platform support module: /home/zum/Unity/Hub/Editor/2022.3.62f1/Editor/Data/PlaybackEngines/WindowsStandaloneSupport/UnityEditor.WindowsStandalone.Extensions.dll
Register platform support module: /home/zum/Unity/Hub/Editor/2022.3.62f1/Editor/Data/PlaybackEngines/LinuxStandaloneSupport/UnityEditor.LinuxStandalone.Extensions.dll
Registered in 0,013983 seconds.
- Loaded All Assemblies, in  0,650 seconds
Native extension for LinuxStandalone target not found
Native extension for WindowsStandalone target not found
Native extension for Android target not found
Android Extension - Scanning For ADB Devices 374 ms
Mono: successfully reloaded assembly
- Finished resetting the current domain, in  0,923 seconds
Domain Reload Profiling: 1573ms
	BeginReloadAssembly (122ms)
		ExecutionOrderSort (0ms)
		DisableScriptedObjects (0ms)
		BackupInstance (0ms)
		ReleaseScriptingObjects (0ms)
		CreateAndSetChildDomain (2ms)
	RebuildCommonClasses (46ms)
	RebuildNativeTypeToScriptingClass (8ms)
	initialDomainReloadingComplete (114ms)
	LoadAllAssembliesAndSetupDomain (359ms)
		LoadAssemblies (277ms)
		RebuildTransferFunctionScriptingTraits (0ms)
		AnalyzeDomain (199ms)
			TypeCache.Refresh (196ms)
				TypeCache.ScanAssembly (181ms)
			ScanForSourceGeneratedMonoScriptInfo (0ms)
			ResolveRequiredComponents (1ms)
	FinalizeReload (924ms)
		ReleaseScriptCaches (0ms)
		RebuildScriptCaches (0ms)
		SetupLoadedEditorAssemblies (838ms)
			LogAssemblyErrors (0ms)
			InitializePlatformSupportModulesInManaged (566ms)
			SetLoadedEditorAssemblies (6ms)
			RefreshPlugins (0ms)
			BeforeProcessingInitializeOnLoad (4ms)
			ProcessInitializeOnLoadAttributes (184ms)
			ProcessInitializeOnLoadMethodAttributes (77ms)
			AfterProcessingInitializeOnLoad (0ms)
			EditorAssembliesLoaded (0ms)
		ExecutionOrderSort2 (0ms)
		AwakeInstancesAfterBackupRestoration (0ms)
========================================================================
Worker process is ready to serve import requests
Caller must complete domain reload
Begin MonoManager ReloadAssembly
- Loaded All Assemblies, in  4,253 seconds
Native extension for LinuxStandalone target not found
Native extension for WindowsStandalone target not found
Native extension for Android target not found
Mono: successfully reloaded assembly
- Finished resetting the current domain, in  1,667 seconds
Domain Reload Profiling: 5920ms
	BeginReloadAssembly (191ms)
		ExecutionOrderSort (0ms)
		DisableScriptedObjects (13ms)
		BackupInstance (0ms)
		ReleaseScriptingObjects (0ms)
		CreateAndSetChildDomain (35ms)
	RebuildCommonClasses (36ms)
	RebuildNativeTypeToScriptingClass (7ms)
	initialDomainReloadingComplete (69ms)
	LoadAllAssembliesAndSetupDomain (3950ms)
		LoadAssemblies (3149ms)
		RebuildTransferFunctionScriptingTraits (0ms)
		AnalyzeDomain (892ms)
			TypeCache.Refresh (862ms)
				TypeCache.ScanAssembly (632ms)
			ScanForSourceGeneratedMonoScriptInfo (21ms)
			ResolveRequiredComponents (7ms)
	FinalizeReload (1667ms)
		ReleaseScriptCaches (0ms)
		RebuildScriptCaches (0ms)
		SetupLoadedEditorAssemblies (1421ms)
			LogAssemblyErrors (0ms)
			InitializePlatformSupportModulesInManaged (674ms)
			SetLoadedEditorAssemblies (4ms)
			RefreshPlugins (0ms)
			BeforeProcessingInitializeOnLoad (78ms)
			ProcessInitializeOnLoadAttributes (613ms)
			ProcessInitializeOnLoadMethodAttributes (45ms)
			AfterProcessingInitializeOnLoad (6ms)
			EditorAssembliesLoaded (0ms)
		ExecutionOrderSort2 (0ms)
		AwakeInstancesAfterBackupRestoration (7ms)
Launched and connected shader compiler UnityShaderCompiler after 0.27 seconds
Refreshing native plugins compatible for Editor in 296.79 ms, found 0 plugins.
Preloading 0 native plugins for Editor in 0.00 ms.
Unloading 3144 Unused Serialized files (Serialized files now loaded: 0)
Unloading 19 unused Assets / (45.2 KB). Loaded Objects now: 3614.
Memory consumption went from 115.9 MB to 115.9 MB.
Total: 5.201150 ms (FindLiveObjects: 0.539593 ms CreateObjectMapping: 0.150019 ms MarkObjects: 4.272191 ms  DeleteObjects: 0.230336 ms)

AssetImportParameters requested are different than current active one (requested -> active):
  custom:container-demuxer-ogg: 62fdf1f143b41e24485cea50d1cbac27 -> 
  custom:video-decoder-ogg-theora: a1e56fd34408186e4bbccfd4996cb3dc -> 
  custom:CustomObjectIndexerAttribute: 232f87dd983dbecb2a4e21e08eb2cef8 -> 
  custom:container-demuxer-webm: 4f35f7cbe854078d1ac9338744f61a02 -> 
  custom:container-muxer-webm: aa71ff27fc2769a1b78a27578f13a17b -> 
  custom:video-decoder-webm-vp8: 9c59270c3fd7afecdb556c50c9e8de78 -> 
  custom:SearchIndexIgnoredProperties: e643bd26f0fe6173181afceb89e7c659 -> 
  custom:AudioImporter_EditorPlatform: 2f0ff77a95e0ac474e3e8eeba4e2f7cb -> 
  custom:video-encoder-webm-vp8: eb34c28f22e8b96e1ab97ce403110664 -> 
  custom:audio-decoder-ogg-vorbis: bf7c407c2cedff20999df2af8eb42d56 -> 
  custom:audio-encoder-webm-vorbis: bf7c407c2cedff20999df2af8eb42d56 -> 
  custom:scripting/precompiled-assembly-types:Assembly-CSharp: 7e75e532e3f5a8f378c1d80f4b0dc282 -> 880696343ac443114308543b9686cc6b
  custom:scripting/monoscript/fileName/BabyBottleController.cs:  -> 4e130f8cac19300cb0607b2ffdba2f73
========================================================================
Received Prepare
Caller must complete domain reload
Begin MonoManager ReloadAssembly
- Loaded All Assemblies, in  1.192 seconds
Native extension for LinuxStandalone target not found
Native extension for WindowsStandalone target not found
Native extension for Android target not found
Mono: successfully reloaded assembly
- Finished resetting the current domain, in  1.706 seconds
Domain Reload Profiling: 2898ms
	BeginReloadAssembly (276ms)
		ExecutionOrderSort (0ms)
		DisableScriptedObjects (10ms)
		BackupInstance (0ms)
		ReleaseScriptingObjects (0ms)
		CreateAndSetChildDomain (50ms)
	RebuildCommonClasses (59ms)
	RebuildNativeTypeToScriptingClass (10ms)
	initialDomainReloadingComplete (53ms)
	LoadAllAssembliesAndSetupDomain (793ms)
		LoadAssemblies (955ms)
		RebuildTransferFunctionScriptingTraits (0ms)
		AnalyzeDomain (16ms)
			TypeCache.Refresh (7ms)
				TypeCache.ScanAssembly (0ms)
			ScanForSourceGeneratedMonoScriptInfo (0ms)
			ResolveRequiredComponents (7ms)
	FinalizeReload (1707ms)
		ReleaseScriptCaches (0ms)
		RebuildScriptCaches (0ms)
		SetupLoadedEditorAssemblies (611ms)
			LogAssemblyErrors (0ms)
			InitializePlatformSupportModulesInManaged (75ms)
			SetLoadedEditorAssemblies (6ms)
			RefreshPlugins (0ms)
			BeforeProcessingInitializeOnLoad (74ms)
			ProcessInitializeOnLoadAttributes (414ms)
			ProcessInitializeOnLoadMethodAttributes (35ms)
			AfterProcessingInitializeOnLoad (7ms)
			EditorAssembliesLoaded (0ms)
		ExecutionOrderSort2 (0ms)
		AwakeInstancesAfterBackupRestoration (8ms)
Refreshing native plugins compatible for Editor in 1.00 ms, found 0 plugins.
Preloading 0 native plugins for Editor in 0.00 ms.
Unloading 3137 Unused Serialized files (Serialized files now loaded: 0)
Unloading 14 unused Assets / (28.5 KB). Loaded Objects now: 3617.
Memory consumption went from 115.1 MB to 115.0 MB.
Total: 4.244743 ms (FindLiveObjects: 0.508165 ms CreateObjectMapping: 0.141428 ms MarkObjects: 3.514274 ms  DeleteObjects: 0.071867 ms)

Prepare: number of updated asset objects reloaded= 0
AssetImportParameters requested are different than current active one (requested -> active):
  custom:container-demuxer-ogg: 62fdf1f143b41e24485cea50d1cbac27 -> 
  custom:video-decoder-ogg-theora: a1e56fd34408186e4bbccfd4996cb3dc -> 
  custom:CustomObjectIndexerAttribute: 232f87dd983dbecb2a4e21e08eb2cef8 -> 
  custom:container-demuxer-webm: 4f35f7cbe854078d1ac9338744f61a02 -> 
  custom:container-muxer-webm: aa71ff27fc2769a1b78a27578f13a17b -> 
  custom:video-decoder-webm-vp8: 9c59270c3fd7afecdb556c50c9e8de78 -> 
  custom:SearchIndexIgnoredProperties: e643bd26f0fe6173181afceb89e7c659 -> 
  custom:AudioImporter_EditorPlatform: 2f0ff77a95e0ac474e3e8eeba4e2f7cb -> 
  custom:video-encoder-webm-vp8: eb34c28f22e8b96e1ab97ce403110664 -> 
  custom:audio-decoder-ogg-vorbis: bf7c407c2cedff20999df2af8eb42d56 -> 
  custom:audio-encoder-webm-vorbis: bf7c407c2cedff20999df2af8eb42d56 -> 
========================================================================
Received Import Request.
  Time since last request: 6956.265256 seconds.
  path: Assets/Tests/Test_Davi/Scripts/BabyBottleController.cs
  artifactKey: Guid(e90401e3ed60286c7a4c8dc40b022595) Importer(815301076,1909f56bfc062723c751e8b465ee728b)
Start importing Assets/Tests/Test_Davi/Scripts/BabyBottleController.cs using Guid(e90401e3ed60286c7a4c8dc40b022595) Importer(815301076,1909f56bfc062723c751e8b465ee728b) [PhysX] Initialized MultithreadedTaskDispatcher with 12 workers.
 -> (artifact id: '00000000000000000000000000000000') in 0.002261 seconds
Import Error Code:(4)
Message: Build asset version error: assets/tests/test_davi/scripts/babybottlecontroller.cs in SourceAssetDB has modification time of '2025-06-18T19:14:53Z' while content on disk has modification time of '2025-06-18T19:15:24Z'
  ERROR: Build asset version error: assets/tests/test_davi/scripts/babybottlecontroller.cs in SourceAssetDB has modification time of '2025-06-18T19:14:53Z' while content on disk has modification time of '2025-06-18T19:15:24Z'
Number of updated asset objects reloaded before import = 0
Number of asset objects unloaded after import = 0
========================================================================
Received Import Request.
  Time since last request: 0.507278 seconds.
  path: Assets/Tests/Test_Davi/Scripts/BabyBottleController.cs
  artifactKey: Guid(e90401e3ed60286c7a4c8dc40b022595) Importer(815301076,1909f56bfc062723c751e8b465ee728b)
Start importing Assets/Tests/Test_Davi/Scripts/BabyBottleController.cs using Guid(e90401e3ed60286c7a4c8dc40b022595) Importer(815301076,1909f56bfc062723c751e8b465ee728b) [PhysX] Initialized MultithreadedTaskDispatcher with 12 workers.
 -> (artifact id: '00000000000000000000000000000000') in 0.000415 seconds
Import Error Code:(4)
Message: Build asset version error: assets/tests/test_davi/scripts/babybottlecontroller.cs in SourceAssetDB has modification time of '2025-06-18T19:14:53Z' while content on disk has modification time of '2025-06-18T19:15:24Z'
  ERROR: Build asset version error: assets/tests/test_davi/scripts/babybottlecontroller.cs in SourceAssetDB has modification time of '2025-06-18T19:14:53Z' while content on disk has modification time of '2025-06-18T19:15:24Z'
Number of updated asset objects reloaded before import = 0
Number of asset objects unloaded after import = 0
========================================================================
Received Import Request.
  Time since last request: 1.011099 seconds.
  path: Assets/Tests/Test_Davi/Scripts/BabyBottleController.cs
  artifactKey: Guid(e90401e3ed60286c7a4c8dc40b022595) Importer(815301076,1909f56bfc062723c751e8b465ee728b)
Start importing Assets/Tests/Test_Davi/Scripts/BabyBottleController.cs using Guid(e90401e3ed60286c7a4c8dc40b022595) Importer(815301076,1909f56bfc062723c751e8b465ee728b) [PhysX] Initialized MultithreadedTaskDispatcher with 12 workers.
 -> (artifact id: '00000000000000000000000000000000') in 0.000549 seconds
Import Error Code:(4)
Message: Build asset version error: assets/tests/test_davi/scripts/babybottlecontroller.cs in SourceAssetDB has modification time of '2025-06-18T19:14:53Z' while content on disk has modification time of '2025-06-18T19:15:24Z'
  ERROR: Build asset version error: assets/tests/test_davi/scripts/babybottlecontroller.cs in SourceAssetDB has modification time of '2025-06-18T19:14:53Z' while content on disk has modification time of '2025-06-18T19:15:24Z'
Number of updated asset objects reloaded before import = 0
Number of asset objects unloaded after import = 0
========================================================================
Received Import Request.
  Time since last request: 1.003813 seconds.
  path: Assets/Tests/Test_Davi/Scripts/BabyBottleController.cs
  artifactKey: Guid(e90401e3ed60286c7a4c8dc40b022595) Importer(815301076,1909f56bfc062723c751e8b465ee728b)
Start importing Assets/Tests/Test_Davi/Scripts/BabyBottleController.cs using Guid(e90401e3ed60286c7a4c8dc40b022595) Importer(815301076,1909f56bfc062723c751e8b465ee728b) [PhysX] Initialized MultithreadedTaskDispatcher with 12 workers.
 -> (artifact id: '00000000000000000000000000000000') in 0.000490 seconds
Import Error Code:(4)
Message: Build asset version error: assets/tests/test_davi/scripts/babybottlecontroller.cs in SourceAssetDB has modification time of '2025-06-18T19:14:53Z' while content on disk has modification time of '2025-06-18T19:15:24Z'
  ERROR: Build asset version error: assets/tests/test_davi/scripts/babybottlecontroller.cs in SourceAssetDB has modification time of '2025-06-18T19:14:53Z' while content on disk has modification time of '2025-06-18T19:15:24Z'
Number of updated asset objects reloaded before import = 0
Number of asset objects unloaded after import = 0
========================================================================
Received Import Request.
  Time since last request: 1.004075 seconds.
  path: Assets/Tests/Test_Davi/Scripts/BabyBottleController.cs
  artifactKey: Guid(e90401e3ed60286c7a4c8dc40b022595) Importer(815301076,1909f56bfc062723c751e8b465ee728b)
Start importing Assets/Tests/Test_Davi/Scripts/BabyBottleController.cs using Guid(e90401e3ed60286c7a4c8dc40b022595) Importer(815301076,1909f56bfc062723c751e8b465ee728b) [PhysX] Initialized MultithreadedTaskDispatcher with 12 workers.
 -> (artifact id: '00000000000000000000000000000000') in 0.000653 seconds
Import Error Code:(4)
Message: Build asset version error: assets/tests/test_davi/scripts/babybottlecontroller.cs in SourceAssetDB has modification time of '2025-06-18T19:14:53Z' while content on disk has modification time of '2025-06-18T19:15:24Z'
  ERROR: Build asset version error: assets/tests/test_davi/scripts/babybottlecontroller.cs in SourceAssetDB has modification time of '2025-06-18T19:14:53Z' while content on disk has modification time of '2025-06-18T19:15:24Z'
Number of updated asset objects reloaded before import = 0
Number of asset objects unloaded after import = 0
========================================================================
Received Import Request.
  Time since last request: 1.003773 seconds.
  path: Assets/Tests/Test_Davi/Scripts/BabyBottleController.cs
  artifactKey: Guid(e90401e3ed60286c7a4c8dc40b022595) Importer(815301076,1909f56bfc062723c751e8b465ee728b)
Start importing Assets/Tests/Test_Davi/Scripts/BabyBottleController.cs using Guid(e90401e3ed60286c7a4c8dc40b022595) Importer(815301076,1909f56bfc062723c751e8b465ee728b) [PhysX] Initialized MultithreadedTaskDispatcher with 12 workers.
 -> (artifact id: '00000000000000000000000000000000') in 0.000472 seconds
Import Error Code:(4)
Message: Build asset version error: assets/tests/test_davi/scripts/babybottlecontroller.cs in SourceAssetDB has modification time of '2025-06-18T19:14:53Z' while content on disk has modification time of '2025-06-18T19:15:32Z'
  ERROR: Build asset version error: assets/tests/test_davi/scripts/babybottlecontroller.cs in SourceAssetDB has modification time of '2025-06-18T19:14:53Z' while content on disk has modification time of '2025-06-18T19:15:32Z'
Number of updated asset objects reloaded before import = 0
Number of asset objects unloaded after import = 0
========================================================================
Received Import Request.
  Time since last request: 1.003139 seconds.
  path: Assets/Tests/Test_Davi/Scripts/BabyBottleController.cs
  artifactKey: Guid(e90401e3ed60286c7a4c8dc40b022595) Importer(815301076,1909f56bfc062723c751e8b465ee728b)
Start importing Assets/Tests/Test_Davi/Scripts/BabyBottleController.cs using Guid(e90401e3ed60286c7a4c8dc40b022595) Importer(815301076,1909f56bfc062723c751e8b465ee728b) [PhysX] Initialized MultithreadedTaskDispatcher with 12 workers.
 -> (artifact id: '00000000000000000000000000000000') in 0.000454 seconds
Import Error Code:(4)
Message: Build asset version error: assets/tests/test_davi/scripts/babybottlecontroller.cs in SourceAssetDB has modification time of '2025-06-18T19:14:53Z' while content on disk has modification time of '2025-06-18T19:15:32Z'
  ERROR: Build asset version error: assets/tests/test_davi/scripts/babybottlecontroller.cs in SourceAssetDB has modification time of '2025-06-18T19:14:53Z' while content on disk has modification time of '2025-06-18T19:15:32Z'
Number of updated asset objects reloaded before import = 0
Number of asset objects unloaded after import = 0
========================================================================
Received Import Request.
  Time since last request: 1.003599 seconds.
  path: Assets/Tests/Test_Davi/Scripts/BabyBottleController.cs
  artifactKey: Guid(e90401e3ed60286c7a4c8dc40b022595) Importer(815301076,1909f56bfc062723c751e8b465ee728b)
Start importing Assets/Tests/Test_Davi/Scripts/BabyBottleController.cs using Guid(e90401e3ed60286c7a4c8dc40b022595) Importer(815301076,1909f56bfc062723c751e8b465ee728b) [PhysX] Initialized MultithreadedTaskDispatcher with 12 workers.
 -> (artifact id: '00000000000000000000000000000000') in 0.000460 seconds
Import Error Code:(4)
Message: Build asset version error: assets/tests/test_davi/scripts/babybottlecontroller.cs in SourceAssetDB has modification time of '2025-06-18T19:14:53Z' while content on disk has modification time of '2025-06-18T19:15:32Z'
  ERROR: Build asset version error: assets/tests/test_davi/scripts/babybottlecontroller.cs in SourceAssetDB has modification time of '2025-06-18T19:14:53Z' while content on disk has modification time of '2025-06-18T19:15:32Z'
Number of updated asset objects reloaded before import = 0
Number of asset objects unloaded after import = 0
========================================================================
Received Import Request.
  Time since last request: 1.003966 seconds.
  path: Assets/Tests/Test_Davi/Scripts/BabyBottleController.cs
  artifactKey: Guid(e90401e3ed60286c7a4c8dc40b022595) Importer(815301076,1909f56bfc062723c751e8b465ee728b)
Start importing Assets/Tests/Test_Davi/Scripts/BabyBottleController.cs using Guid(e90401e3ed60286c7a4c8dc40b022595) Importer(815301076,1909f56bfc062723c751e8b465ee728b) [PhysX] Initialized MultithreadedTaskDispatcher with 12 workers.
 -> (artifact id: '00000000000000000000000000000000') in 0.000530 seconds
Import Error Code:(4)
Message: Build asset version error: assets/tests/test_davi/scripts/babybottlecontroller.cs in SourceAssetDB has modification time of '2025-06-18T19:14:53Z' while content on disk has modification time of '2025-06-18T19:15:32Z'
  ERROR: Build asset version error: assets/tests/test_davi/scripts/babybottlecontroller.cs in SourceAssetDB has modification time of '2025-06-18T19:14:53Z' while content on disk has modification time of '2025-06-18T19:15:32Z'
Number of updated asset objects reloaded before import = 0
Number of asset objects unloaded after import = 0
========================================================================
Received Import Request.
  Time since last request: 1.003440 seconds.
  path: Assets/Tests/Test_Davi/Scripts/BabyBottleController.cs
  artifactKey: Guid(e90401e3ed60286c7a4c8dc40b022595) Importer(815301076,1909f56bfc062723c751e8b465ee728b)
Start importing Assets/Tests/Test_Davi/Scripts/BabyBottleController.cs using Guid(e90401e3ed60286c7a4c8dc40b022595) Importer(815301076,1909f56bfc062723c751e8b465ee728b) [PhysX] Initialized MultithreadedTaskDispatcher with 12 workers.
 -> (artifact id: '00000000000000000000000000000000') in 0.000405 seconds
Import Error Code:(4)
Message: Build asset version error: assets/tests/test_davi/scripts/babybottlecontroller.cs in SourceAssetDB has modification time of '2025-06-18T19:14:53Z' while content on disk has modification time of '2025-06-18T19:15:32Z'
  ERROR: Build asset version error: assets/tests/test_davi/scripts/babybottlecontroller.cs in SourceAssetDB has modification time of '2025-06-18T19:14:53Z' while content on disk has modification time of '2025-06-18T19:15:32Z'
Number of updated asset objects reloaded before import = 0
Number of asset objects unloaded after import = 0
========================================================================
Received Import Request.
  Time since last request: 1.003622 seconds.
  path: Assets/Tests/Test_Davi/Scripts/BabyBottleController.cs
  artifactKey: Guid(e90401e3ed60286c7a4c8dc40b022595) Importer(815301076,1909f56bfc062723c751e8b465ee728b)
Start importing Assets/Tests/Test_Davi/Scripts/BabyBottleController.cs using Guid(e90401e3ed60286c7a4c8dc40b022595) Importer(815301076,1909f56bfc062723c751e8b465ee728b) [PhysX] Initialized MultithreadedTaskDispatcher with 12 workers.
 -> (artifact id: '00000000000000000000000000000000') in 0.000459 seconds
Import Error Code:(4)
Message: Build asset version error: assets/tests/test_davi/scripts/babybottlecontroller.cs in SourceAssetDB has modification time of '2025-06-18T19:14:53Z' while content on disk has modification time of '2025-06-18T19:15:37Z'
  ERROR: Build asset version error: assets/tests/test_davi/scripts/babybottlecontroller.cs in SourceAssetDB has modification time of '2025-06-18T19:14:53Z' while content on disk has modification time of '2025-06-18T19:15:37Z'
Number of updated asset objects reloaded before import = 0
Number of asset objects unloaded after import = 0
========================================================================
Received Import Request.
  Time since last request: 1.004261 seconds.
  path: Assets/Tests/Test_Davi/Scripts/BabyBottleController.cs
  artifactKey: Guid(e90401e3ed60286c7a4c8dc40b022595) Importer(815301076,1909f56bfc062723c751e8b465ee728b)
Start importing Assets/Tests/Test_Davi/Scripts/BabyBottleController.cs using Guid(e90401e3ed60286c7a4c8dc40b022595) Importer(815301076,1909f56bfc062723c751e8b465ee728b) [PhysX] Initialized MultithreadedTaskDispatcher with 12 workers.
 -> (artifact id: '00000000000000000000000000000000') in 0.000567 seconds
Import Error Code:(4)
Message: Build asset version error: assets/tests/test_davi/scripts/babybottlecontroller.cs in SourceAssetDB has modification time of '2025-06-18T19:14:53Z' while content on disk has modification time of '2025-06-18T19:15:38Z'
  ERROR: Build asset version error: assets/tests/test_davi/scripts/babybottlecontroller.cs in SourceAssetDB has modification time of '2025-06-18T19:14:53Z' while content on disk has modification time of '2025-06-18T19:15:38Z'
Number of updated asset objects reloaded before import = 0
Number of asset objects unloaded after import = 0
========================================================================
Received Import Request.
  Time since last request: 1.004535 seconds.
  path: Assets/Tests/Test_Davi/Scripts/BabyBottleController.cs
  artifactKey: Guid(e90401e3ed60286c7a4c8dc40b022595) Importer(815301076,1909f56bfc062723c751e8b465ee728b)
Start importing Assets/Tests/Test_Davi/Scripts/BabyBottleController.cs using Guid(e90401e3ed60286c7a4c8dc40b022595) Importer(815301076,1909f56bfc062723c751e8b465ee728b) [PhysX] Initialized MultithreadedTaskDispatcher with 12 workers.
 -> (artifact id: '00000000000000000000000000000000') in 0.000532 seconds
Import Error Code:(4)
Message: Build asset version error: assets/tests/test_davi/scripts/babybottlecontroller.cs in SourceAssetDB has modification time of '2025-06-18T19:14:53Z' while content on disk has modification time of '2025-06-18T19:15:38Z'
  ERROR: Build asset version error: assets/tests/test_davi/scripts/babybottlecontroller.cs in SourceAssetDB has modification time of '2025-06-18T19:14:53Z' while content on disk has modification time of '2025-06-18T19:15:38Z'
Number of updated asset objects reloaded before import = 0
Number of asset objects unloaded after import = 0
========================================================================
Received Import Request.
  Time since last request: 1.003979 seconds.
  path: Assets/Tests/Test_Davi/Scripts/BabyBottleController.cs
  artifactKey: Guid(e90401e3ed60286c7a4c8dc40b022595) Importer(815301076,1909f56bfc062723c751e8b465ee728b)
Start importing Assets/Tests/Test_Davi/Scripts/BabyBottleController.cs using Guid(e90401e3ed60286c7a4c8dc40b022595) Importer(815301076,1909f56bfc062723c751e8b465ee728b) [PhysX] Initialized MultithreadedTaskDispatcher with 12 workers.
 -> (artifact id: '00000000000000000000000000000000') in 0.000416 seconds
Import Error Code:(4)
Message: Build asset version error: assets/tests/test_davi/scripts/babybottlecontroller.cs in SourceAssetDB has modification time of '2025-06-18T19:14:53Z' while content on disk has modification time of '2025-06-18T19:15:38Z'
  ERROR: Build asset version error: assets/tests/test_davi/scripts/babybottlecontroller.cs in SourceAssetDB has modification time of '2025-06-18T19:14:53Z' while content on disk has modification time of '2025-06-18T19:15:38Z'
Number of updated asset objects reloaded before import = 0
Number of asset objects unloaded after import = 0
========================================================================
Received Import Request.
  Time since last request: 1.002809 seconds.
  path: Assets/Tests/Test_Davi/Scripts/BabyBottleController.cs
  artifactKey: Guid(e90401e3ed60286c7a4c8dc40b022595) Importer(815301076,1909f56bfc062723c751e8b465ee728b)
Start importing Assets/Tests/Test_Davi/Scripts/BabyBottleController.cs using Guid(e90401e3ed60286c7a4c8dc40b022595) Importer(815301076,1909f56bfc062723c751e8b465ee728b) [PhysX] Initialized MultithreadedTaskDispatcher with 12 workers.
 -> (artifact id: '00000000000000000000000000000000') in 0.000453 seconds
Import Error Code:(4)
Message: Build asset version error: assets/tests/test_davi/scripts/babybottlecontroller.cs in SourceAssetDB has modification time of '2025-06-18T19:14:53Z' while content on disk has modification time of '2025-06-18T19:15:41Z'
  ERROR: Build asset version error: assets/tests/test_davi/scripts/babybottlecontroller.cs in SourceAssetDB has modification time of '2025-06-18T19:14:53Z' while content on disk has modification time of '2025-06-18T19:15:41Z'
Number of updated asset objects reloaded before import = 0
Number of asset objects unloaded after import = 0
========================================================================
Received Import Request.
  Time since last request: 1.004082 seconds.
  path: Assets/Tests/Test_Davi/Scripts/BabyBottleController.cs
  artifactKey: Guid(e90401e3ed60286c7a4c8dc40b022595) Importer(815301076,1909f56bfc062723c751e8b465ee728b)
Start importing Assets/Tests/Test_Davi/Scripts/BabyBottleController.cs using Guid(e90401e3ed60286c7a4c8dc40b022595) Importer(815301076,1909f56bfc062723c751e8b465ee728b) [PhysX] Initialized MultithreadedTaskDispatcher with 12 workers.
 -> (artifact id: '00000000000000000000000000000000') in 0.000475 seconds
Import Error Code:(4)
Message: Build asset version error: assets/tests/test_davi/scripts/babybottlecontroller.cs in SourceAssetDB has modification time of '2025-06-18T19:14:53Z' while content on disk has modification time of '2025-06-18T19:15:41Z'
  ERROR: Build asset version error: assets/tests/test_davi/scripts/babybottlecontroller.cs in SourceAssetDB has modification time of '2025-06-18T19:14:53Z' while content on disk has modification time of '2025-06-18T19:15:41Z'
Number of updated asset objects reloaded before import = 0
Number of asset objects unloaded after import = 0
========================================================================
Received Import Request.
  Time since last request: 1.002827 seconds.
  path: Assets/Tests/Test_Davi/Scripts/BabyBottleController.cs
  artifactKey: Guid(e90401e3ed60286c7a4c8dc40b022595) Importer(815301076,1909f56bfc062723c751e8b465ee728b)
Start importing Assets/Tests/Test_Davi/Scripts/BabyBottleController.cs using Guid(e90401e3ed60286c7a4c8dc40b022595) Importer(815301076,1909f56bfc062723c751e8b465ee728b) [PhysX] Initialized MultithreadedTaskDispatcher with 12 workers.
 -> (artifact id: '00000000000000000000000000000000') in 0.000457 seconds
Import Error Code:(4)
Message: Build asset version error: assets/tests/test_davi/scripts/babybottlecontroller.cs in SourceAssetDB has modification time of '2025-06-18T19:14:53Z' while content on disk has modification time of '2025-06-18T19:15:41Z'
  ERROR: Build asset version error: assets/tests/test_davi/scripts/babybottlecontroller.cs in SourceAssetDB has modification time of '2025-06-18T19:14:53Z' while content on disk has modification time of '2025-06-18T19:15:41Z'
Number of updated asset objects reloaded before import = 0
Number of asset objects unloaded after import = 0
========================================================================
Received Import Request.
  Time since last request: 1.003884 seconds.
  path: Assets/Tests/Test_Davi/Scripts/BabyBottleController.cs
  artifactKey: Guid(e90401e3ed60286c7a4c8dc40b022595) Importer(815301076,1909f56bfc062723c751e8b465ee728b)
Start importing Assets/Tests/Test_Davi/Scripts/BabyBottleController.cs using Guid(e90401e3ed60286c7a4c8dc40b022595) Importer(815301076,1909f56bfc062723c751e8b465ee728b) [PhysX] Initialized MultithreadedTaskDispatcher with 12 workers.
 -> (artifact id: '00000000000000000000000000000000') in 0.000461 seconds
Import Error Code:(4)
Message: Build asset version error: assets/tests/test_davi/scripts/babybottlecontroller.cs in SourceAssetDB has modification time of '2025-06-18T19:14:53Z' while content on disk has modification time of '2025-06-18T19:15:41Z'
  ERROR: Build asset version error: assets/tests/test_davi/scripts/babybottlecontroller.cs in SourceAssetDB has modification time of '2025-06-18T19:14:53Z' while content on disk has modification time of '2025-06-18T19:15:41Z'
Number of updated asset objects reloaded before import = 0
Number of asset objects unloaded after import = 0
========================================================================
Received Import Request.
  Time since last request: 1.002985 seconds.
  path: Assets/Tests/Test_Davi/Scripts/BabyBottleController.cs
  artifactKey: Guid(e90401e3ed60286c7a4c8dc40b022595) Importer(815301076,1909f56bfc062723c751e8b465ee728b)
Start importing Assets/Tests/Test_Davi/Scripts/BabyBottleController.cs using Guid(e90401e3ed60286c7a4c8dc40b022595) Importer(815301076,1909f56bfc062723c751e8b465ee728b) [PhysX] Initialized MultithreadedTaskDispatcher with 12 workers.
 -> (artifact id: '00000000000000000000000000000000') in 0.000423 seconds
Import Error Code:(4)
Message: Build asset version error: assets/tests/test_davi/scripts/babybottlecontroller.cs in SourceAssetDB has modification time of '2025-06-18T19:14:53Z' while content on disk has modification time of '2025-06-18T19:15:46Z'
  ERROR: Build asset version error: assets/tests/test_davi/scripts/babybottlecontroller.cs in SourceAssetDB has modification time of '2025-06-18T19:14:53Z' while content on disk has modification time of '2025-06-18T19:15:46Z'
Number of updated asset objects reloaded before import = 0
Number of asset objects unloaded after import = 0
========================================================================
Received Import Request.
  Time since last request: 1.004227 seconds.
  path: Assets/Tests/Test_Davi/Scripts/BabyBottleController.cs
  artifactKey: Guid(e90401e3ed60286c7a4c8dc40b022595) Importer(815301076,1909f56bfc062723c751e8b465ee728b)
Start importing Assets/Tests/Test_Davi/Scripts/BabyBottleController.cs using Guid(e90401e3ed60286c7a4c8dc40b022595) Importer(815301076,1909f56bfc062723c751e8b465ee728b) [PhysX] Initialized MultithreadedTaskDispatcher with 12 workers.
 -> (artifact id: '00000000000000000000000000000000') in 0.000431 seconds
Import Error Code:(4)
Message: Build asset version error: assets/tests/test_davi/scripts/babybottlecontroller.cs in SourceAssetDB has modification time of '2025-06-18T19:14:53Z' while content on disk has modification time of '2025-06-18T19:15:46Z'
  ERROR: Build asset version error: assets/tests/test_davi/scripts/babybottlecontroller.cs in SourceAssetDB has modification time of '2025-06-18T19:14:53Z' while content on disk has modification time of '2025-06-18T19:15:46Z'
Number of updated asset objects reloaded before import = 0
Number of asset objects unloaded after import = 0
========================================================================
Received Import Request.
  Time since last request: 1.002731 seconds.
  path: Assets/Tests/Test_Davi/Scripts/BabyBottleController.cs
  artifactKey: Guid(e90401e3ed60286c7a4c8dc40b022595) Importer(815301076,1909f56bfc062723c751e8b465ee728b)
Start importing Assets/Tests/Test_Davi/Scripts/BabyBottleController.cs using Guid(e90401e3ed60286c7a4c8dc40b022595) Importer(815301076,1909f56bfc062723c751e8b465ee728b) [PhysX] Initialized MultithreadedTaskDispatcher with 12 workers.
 -> (artifact id: '00000000000000000000000000000000') in 0.000529 seconds
Import Error Code:(4)
Message: Build asset version error: assets/tests/test_davi/scripts/babybottlecontroller.cs in SourceAssetDB has modification time of '2025-06-18T19:14:53Z' while content on disk has modification time of '2025-06-18T19:15:47Z'
  ERROR: Build asset version error: assets/tests/test_davi/scripts/babybottlecontroller.cs in SourceAssetDB has modification time of '2025-06-18T19:14:53Z' while content on disk has modification time of '2025-06-18T19:15:47Z'
Number of updated asset objects reloaded before import = 0
Number of asset objects unloaded after import = 0
========================================================================
Received Import Request.
  Time since last request: 1.003500 seconds.
  path: Assets/Tests/Test_Davi/Scripts/BabyBottleController.cs
  artifactKey: Guid(e90401e3ed60286c7a4c8dc40b022595) Importer(815301076,1909f56bfc062723c751e8b465ee728b)
Start importing Assets/Tests/Test_Davi/Scripts/BabyBottleController.cs using Guid(e90401e3ed60286c7a4c8dc40b022595) Importer(815301076,1909f56bfc062723c751e8b465ee728b) [PhysX] Initialized MultithreadedTaskDispatcher with 12 workers.
 -> (artifact id: '00000000000000000000000000000000') in 0.000420 seconds
Import Error Code:(4)
Message: Build asset version error: assets/tests/test_davi/scripts/babybottlecontroller.cs in SourceAssetDB has modification time of '2025-06-18T19:14:53Z' while content on disk has modification time of '2025-06-18T19:15:47Z'
  ERROR: Build asset version error: assets/tests/test_davi/scripts/babybottlecontroller.cs in SourceAssetDB has modification time of '2025-06-18T19:14:53Z' while content on disk has modification time of '2025-06-18T19:15:47Z'
Number of updated asset objects reloaded before import = 0
Number of asset objects unloaded after import = 0
========================================================================
Received Import Request.
  Time since last request: 1.002980 seconds.
  path: Assets/Tests/Test_Davi/Scripts/BabyBottleController.cs
  artifactKey: Guid(e90401e3ed60286c7a4c8dc40b022595) Importer(815301076,1909f56bfc062723c751e8b465ee728b)
Start importing Assets/Tests/Test_Davi/Scripts/BabyBottleController.cs using Guid(e90401e3ed60286c7a4c8dc40b022595) Importer(815301076,1909f56bfc062723c751e8b465ee728b) [PhysX] Initialized MultithreadedTaskDispatcher with 12 workers.
 -> (artifact id: '00000000000000000000000000000000') in 0.000464 seconds
Import Error Code:(4)
Message: Build asset version error: assets/tests/test_davi/scripts/babybottlecontroller.cs in SourceAssetDB has modification time of '2025-06-18T19:14:53Z' while content on disk has modification time of '2025-06-18T19:15:47Z'
  ERROR: Build asset version error: assets/tests/test_davi/scripts/babybottlecontroller.cs in SourceAssetDB has modification time of '2025-06-18T19:14:53Z' while content on disk has modification time of '2025-06-18T19:15:47Z'
Number of updated asset objects reloaded before import = 0
Number of asset objects unloaded after import = 0
========================================================================
Received Import Request.
  Time since last request: 1.003783 seconds.
  path: Assets/Tests/Test_Davi/Scripts/BabyBottleController.cs
  artifactKey: Guid(e90401e3ed60286c7a4c8dc40b022595) Importer(815301076,1909f56bfc062723c751e8b465ee728b)
Start importing Assets/Tests/Test_Davi/Scripts/BabyBottleController.cs using Guid(e90401e3ed60286c7a4c8dc40b022595) Importer(815301076,1909f56bfc062723c751e8b465ee728b) [PhysX] Initialized MultithreadedTaskDispatcher with 12 workers.
 -> (artifact id: '00000000000000000000000000000000') in 0.000448 seconds
Import Error Code:(4)
Message: Build asset version error: assets/tests/test_davi/scripts/babybottlecontroller.cs in SourceAssetDB has modification time of '2025-06-18T19:14:53Z' while content on disk has modification time of '2025-06-18T19:15:50Z'
  ERROR: Build asset version error: assets/tests/test_davi/scripts/babybottlecontroller.cs in SourceAssetDB has modification time of '2025-06-18T19:14:53Z' while content on disk has modification time of '2025-06-18T19:15:50Z'
Number of updated asset objects reloaded before import = 0
Number of asset objects unloaded after import = 0
========================================================================
Received Import Request.
  Time since last request: 1.003664 seconds.
  path: Assets/Tests/Test_Davi/Scripts/BabyBottleController.cs
  artifactKey: Guid(e90401e3ed60286c7a4c8dc40b022595) Importer(815301076,1909f56bfc062723c751e8b465ee728b)
Start importing Assets/Tests/Test_Davi/Scripts/BabyBottleController.cs using Guid(e90401e3ed60286c7a4c8dc40b022595) Importer(815301076,1909f56bfc062723c751e8b465ee728b) [PhysX] Initialized MultithreadedTaskDispatcher with 12 workers.
 -> (artifact id: '00000000000000000000000000000000') in 0.000436 seconds
Import Error Code:(4)
Message: Build asset version error: assets/tests/test_davi/scripts/babybottlecontroller.cs in SourceAssetDB has modification time of '2025-06-18T19:14:53Z' while content on disk has modification time of '2025-06-18T19:15:50Z'
  ERROR: Build asset version error: assets/tests/test_davi/scripts/babybottlecontroller.cs in SourceAssetDB has modification time of '2025-06-18T19:14:53Z' while content on disk has modification time of '2025-06-18T19:15:50Z'
Number of updated asset objects reloaded before import = 0
Number of asset objects unloaded after import = 0
========================================================================
Received Import Request.
  Time since last request: 1.003102 seconds.
  path: Assets/Tests/Test_Davi/Scripts/BabyBottleController.cs
  artifactKey: Guid(e90401e3ed60286c7a4c8dc40b022595) Importer(815301076,1909f56bfc062723c751e8b465ee728b)
Start importing Assets/Tests/Test_Davi/Scripts/BabyBottleController.cs using Guid(e90401e3ed60286c7a4c8dc40b022595) Importer(815301076,1909f56bfc062723c751e8b465ee728b) [PhysX] Initialized MultithreadedTaskDispatcher with 12 workers.
 -> (artifact id: '00000000000000000000000000000000') in 0.000415 seconds
Import Error Code:(4)
Message: Build asset version error: assets/tests/test_davi/scripts/babybottlecontroller.cs in SourceAssetDB has modification time of '2025-06-18T19:14:53Z' while content on disk has modification time of '2025-06-18T19:15:52Z'
  ERROR: Build asset version error: assets/tests/test_davi/scripts/babybottlecontroller.cs in SourceAssetDB has modification time of '2025-06-18T19:14:53Z' while content on disk has modification time of '2025-06-18T19:15:52Z'
Number of updated asset objects reloaded before import = 0
Number of asset objects unloaded after import = 0
========================================================================
Received Import Request.
  Time since last request: 1.003321 seconds.
  path: Assets/Tests/Test_Davi/Scripts/BabyBottleController.cs
  artifactKey: Guid(e90401e3ed60286c7a4c8dc40b022595) Importer(815301076,1909f56bfc062723c751e8b465ee728b)
Start importing Assets/Tests/Test_Davi/Scripts/BabyBottleController.cs using Guid(e90401e3ed60286c7a4c8dc40b022595) Importer(815301076,1909f56bfc062723c751e8b465ee728b) [PhysX] Initialized MultithreadedTaskDispatcher with 12 workers.
 -> (artifact id: '00000000000000000000000000000000') in 0.000440 seconds
Import Error Code:(4)
Message: Build asset version error: assets/tests/test_davi/scripts/babybottlecontroller.cs in SourceAssetDB has modification time of '2025-06-18T19:14:53Z' while content on disk has modification time of '2025-06-18T19:15:52Z'
  ERROR: Build asset version error: assets/tests/test_davi/scripts/babybottlecontroller.cs in SourceAssetDB has modification time of '2025-06-18T19:14:53Z' while content on disk has modification time of '2025-06-18T19:15:52Z'
Number of updated asset objects reloaded before import = 0
Number of asset objects unloaded after import = 0
========================================================================
Received Import Request.
  Time since last request: 1.004929 seconds.
  path: Assets/Tests/Test_Davi/Scripts/BabyBottleController.cs
  artifactKey: Guid(e90401e3ed60286c7a4c8dc40b022595) Importer(815301076,1909f56bfc062723c751e8b465ee728b)
Start importing Assets/Tests/Test_Davi/Scripts/BabyBottleController.cs using Guid(e90401e3ed60286c7a4c8dc40b022595) Importer(815301076,1909f56bfc062723c751e8b465ee728b) [PhysX] Initialized MultithreadedTaskDispatcher with 12 workers.
 -> (artifact id: '00000000000000000000000000000000') in 0.000483 seconds
Import Error Code:(4)
Message: Build asset version error: assets/tests/test_davi/scripts/babybottlecontroller.cs in SourceAssetDB has modification time of '2025-06-18T19:14:53Z' while content on disk has modification time of '2025-06-18T19:15:52Z'
  ERROR: Build asset version error: assets/tests/test_davi/scripts/babybottlecontroller.cs in SourceAssetDB has modification time of '2025-06-18T19:14:53Z' while content on disk has modification time of '2025-06-18T19:15:52Z'
Number of updated asset objects reloaded before import = 0
Number of asset objects unloaded after import = 0
========================================================================
Received Import Request.
  Time since last request: 1.003533 seconds.
  path: Assets/Tests/Test_Davi/Scripts/BabyBottleController.cs
  artifactKey: Guid(e90401e3ed60286c7a4c8dc40b022595) Importer(815301076,1909f56bfc062723c751e8b465ee728b)
Start importing Assets/Tests/Test_Davi/Scripts/BabyBottleController.cs using Guid(e90401e3ed60286c7a4c8dc40b022595) Importer(815301076,1909f56bfc062723c751e8b465ee728b) [PhysX] Initialized MultithreadedTaskDispatcher with 12 workers.
 -> (artifact id: '00000000000000000000000000000000') in 0.000415 seconds
Import Error Code:(4)
Message: Build asset version error: assets/tests/test_davi/scripts/babybottlecontroller.cs in SourceAssetDB has modification time of '2025-06-18T19:14:53Z' while content on disk has modification time of '2025-06-18T19:15:52Z'
  ERROR: Build asset version error: assets/tests/test_davi/scripts/babybottlecontroller.cs in SourceAssetDB has modification time of '2025-06-18T19:14:53Z' while content on disk has modification time of '2025-06-18T19:15:52Z'
Number of updated asset objects reloaded before import = 0
Number of asset objects unloaded after import = 0
========================================================================
Received Import Request.
  Time since last request: 1.003385 seconds.
  path: Assets/Tests/Test_Davi/Scripts/BabyBottleController.cs
  artifactKey: Guid(e90401e3ed60286c7a4c8dc40b022595) Importer(815301076,1909f56bfc062723c751e8b465ee728b)
Start importing Assets/Tests/Test_Davi/Scripts/BabyBottleController.cs using Guid(e90401e3ed60286c7a4c8dc40b022595) Importer(815301076,1909f56bfc062723c751e8b465ee728b) [PhysX] Initialized MultithreadedTaskDispatcher with 12 workers.
 -> (artifact id: '00000000000000000000000000000000') in 0.000537 seconds
Import Error Code:(4)
Message: Build asset version error: assets/tests/test_davi/scripts/babybottlecontroller.cs in SourceAssetDB has modification time of '2025-06-18T19:14:53Z' while content on disk has modification time of '2025-06-18T19:15:52Z'
  ERROR: Build asset version error: assets/tests/test_davi/scripts/babybottlecontroller.cs in SourceAssetDB has modification time of '2025-06-18T19:14:53Z' while content on disk has modification time of '2025-06-18T19:15:52Z'
Number of updated asset objects reloaded before import = 0
Number of asset objects unloaded after import = 0
========================================================================
Received Import Request.
  Time since last request: 1.004434 seconds.
  path: Assets/Tests/Test_Davi/Scripts/BabyBottleController.cs
  artifactKey: Guid(e90401e3ed60286c7a4c8dc40b022595) Importer(815301076,1909f56bfc062723c751e8b465ee728b)
Start importing Assets/Tests/Test_Davi/Scripts/BabyBottleController.cs using Guid(e90401e3ed60286c7a4c8dc40b022595) Importer(815301076,1909f56bfc062723c751e8b465ee728b) [PhysX] Initialized MultithreadedTaskDispatcher with 12 workers.
 -> (artifact id: '00000000000000000000000000000000') in 0.000560 seconds
Import Error Code:(4)
Message: Build asset version error: assets/tests/test_davi/scripts/babybottlecontroller.cs in SourceAssetDB has modification time of '2025-06-18T19:14:53Z' while content on disk has modification time of '2025-06-18T19:15:52Z'
  ERROR: Build asset version error: assets/tests/test_davi/scripts/babybottlecontroller.cs in SourceAssetDB has modification time of '2025-06-18T19:14:53Z' while content on disk has modification time of '2025-06-18T19:15:52Z'
Number of updated asset objects reloaded before import = 0
Number of asset objects unloaded after import = 0
========================================================================
Received Import Request.
  Time since last request: 1.003613 seconds.
  path: Assets/Tests/Test_Davi/Scripts/BabyBottleController.cs
  artifactKey: Guid(e90401e3ed60286c7a4c8dc40b022595) Importer(815301076,1909f56bfc062723c751e8b465ee728b)
Start importing Assets/Tests/Test_Davi/Scripts/BabyBottleController.cs using Guid(e90401e3ed60286c7a4c8dc40b022595) Importer(815301076,1909f56bfc062723c751e8b465ee728b) [PhysX] Initialized MultithreadedTaskDispatcher with 12 workers.
 -> (artifact id: '00000000000000000000000000000000') in 0.000466 seconds
Import Error Code:(4)
Message: Build asset version error: assets/tests/test_davi/scripts/babybottlecontroller.cs in SourceAssetDB has modification time of '2025-06-18T19:14:53Z' while content on disk has modification time of '2025-06-18T19:15:59Z'
  ERROR: Build asset version error: assets/tests/test_davi/scripts/babybottlecontroller.cs in SourceAssetDB has modification time of '2025-06-18T19:14:53Z' while content on disk has modification time of '2025-06-18T19:15:59Z'
Number of updated asset objects reloaded before import = 0
Number of asset objects unloaded after import = 0
========================================================================
Received Import Request.
  Time since last request: 1.006256 seconds.
  path: Assets/Tests/Test_Davi/Scripts/BabyBottleController.cs
  artifactKey: Guid(e90401e3ed60286c7a4c8dc40b022595) Importer(815301076,1909f56bfc062723c751e8b465ee728b)
Start importing Assets/Tests/Test_Davi/Scripts/BabyBottleController.cs using Guid(e90401e3ed60286c7a4c8dc40b022595) Importer(815301076,1909f56bfc062723c751e8b465ee728b) [PhysX] Initialized MultithreadedTaskDispatcher with 12 workers.
 -> (artifact id: '00000000000000000000000000000000') in 0.000625 seconds
Import Error Code:(4)
Message: Build asset version error: assets/tests/test_davi/scripts/babybottlecontroller.cs in SourceAssetDB has modification time of '2025-06-18T19:14:53Z' while content on disk has modification time of '2025-06-18T19:16:00Z'
  ERROR: Build asset version error: assets/tests/test_davi/scripts/babybottlecontroller.cs in SourceAssetDB has modification time of '2025-06-18T19:14:53Z' while content on disk has modification time of '2025-06-18T19:16:00Z'
Number of updated asset objects reloaded before import = 0
Number of asset objects unloaded after import = 0
========================================================================
Received Import Request.
  Time since last request: 1.005095 seconds.
  path: Assets/Tests/Test_Davi/Scripts/BabyBottleController.cs
  artifactKey: Guid(e90401e3ed60286c7a4c8dc40b022595) Importer(815301076,1909f56bfc062723c751e8b465ee728b)
Start importing Assets/Tests/Test_Davi/Scripts/BabyBottleController.cs using Guid(e90401e3ed60286c7a4c8dc40b022595) Importer(815301076,1909f56bfc062723c751e8b465ee728b) [PhysX] Initialized MultithreadedTaskDispatcher with 12 workers.
 -> (artifact id: '00000000000000000000000000000000') in 0.000449 seconds
Import Error Code:(4)
Message: Build asset version error: assets/tests/test_davi/scripts/babybottlecontroller.cs in SourceAssetDB has modification time of '2025-06-18T19:14:53Z' while content on disk has modification time of '2025-06-18T19:16:00Z'
  ERROR: Build asset version error: assets/tests/test_davi/scripts/babybottlecontroller.cs in SourceAssetDB has modification time of '2025-06-18T19:14:53Z' while content on disk has modification time of '2025-06-18T19:16:00Z'
Number of updated asset objects reloaded before import = 0
Number of asset objects unloaded after import = 0
========================================================================
Received Import Request.
  Time since last request: 1.002955 seconds.
  path: Assets/Tests/Test_Davi/Scripts/BabyBottleController.cs
  artifactKey: Guid(e90401e3ed60286c7a4c8dc40b022595) Importer(815301076,1909f56bfc062723c751e8b465ee728b)
Start importing Assets/Tests/Test_Davi/Scripts/BabyBottleController.cs using Guid(e90401e3ed60286c7a4c8dc40b022595) Importer(815301076,1909f56bfc062723c751e8b465ee728b) [PhysX] Initialized MultithreadedTaskDispatcher with 12 workers.
 -> (artifact id: '00000000000000000000000000000000') in 0.000455 seconds
Import Error Code:(4)
Message: Build asset version error: assets/tests/test_davi/scripts/babybottlecontroller.cs in SourceAssetDB has modification time of '2025-06-18T19:14:53Z' while content on disk has modification time of '2025-06-18T19:16:02Z'
  ERROR: Build asset version error: assets/tests/test_davi/scripts/babybottlecontroller.cs in SourceAssetDB has modification time of '2025-06-18T19:14:53Z' while content on disk has modification time of '2025-06-18T19:16:02Z'
Number of updated asset objects reloaded before import = 0
Number of asset objects unloaded after import = 0
========================================================================
Received Import Request.
  Time since last request: 1.003244 seconds.
  path: Assets/Tests/Test_Davi/Scripts/BabyBottleController.cs
  artifactKey: Guid(e90401e3ed60286c7a4c8dc40b022595) Importer(815301076,1909f56bfc062723c751e8b465ee728b)
Start importing Assets/Tests/Test_Davi/Scripts/BabyBottleController.cs using Guid(e90401e3ed60286c7a4c8dc40b022595) Importer(815301076,1909f56bfc062723c751e8b465ee728b) [PhysX] Initialized MultithreadedTaskDispatcher with 12 workers.
 -> (artifact id: '00000000000000000000000000000000') in 0.000446 seconds
Import Error Code:(4)
Message: Build asset version error: assets/tests/test_davi/scripts/babybottlecontroller.cs in SourceAssetDB has modification time of '2025-06-18T19:14:53Z' while content on disk has modification time of '2025-06-18T19:16:02Z'
  ERROR: Build asset version error: assets/tests/test_davi/scripts/babybottlecontroller.cs in SourceAssetDB has modification time of '2025-06-18T19:14:53Z' while content on disk has modification time of '2025-06-18T19:16:02Z'
Number of updated asset objects reloaded before import = 0
Number of asset objects unloaded after import = 0
========================================================================
Received Import Request.
  Time since last request: 1.005254 seconds.
  path: Assets/Tests/Test_Davi/Scripts/BabyBottleController.cs
  artifactKey: Guid(e90401e3ed60286c7a4c8dc40b022595) Importer(815301076,1909f56bfc062723c751e8b465ee728b)
Start importing Assets/Tests/Test_Davi/Scripts/BabyBottleController.cs using Guid(e90401e3ed60286c7a4c8dc40b022595) Importer(815301076,1909f56bfc062723c751e8b465ee728b) [PhysX] Initialized MultithreadedTaskDispatcher with 12 workers.
 -> (artifact id: '00000000000000000000000000000000') in 0.000591 seconds
Import Error Code:(4)
Message: Build asset version error: assets/tests/test_davi/scripts/babybottlecontroller.cs in SourceAssetDB has modification time of '2025-06-18T19:14:53Z' while content on disk has modification time of '2025-06-18T19:16:03Z'
  ERROR: Build asset version error: assets/tests/test_davi/scripts/babybottlecontroller.cs in SourceAssetDB has modification time of '2025-06-18T19:14:53Z' while content on disk has modification time of '2025-06-18T19:16:03Z'
Number of updated asset objects reloaded before import = 0
Number of asset objects unloaded after import = 0
========================================================================
Received Import Request.
  Time since last request: 1.004539 seconds.
  path: Assets/Tests/Test_Davi/Scripts/BabyBottleController.cs
  artifactKey: Guid(e90401e3ed60286c7a4c8dc40b022595) Importer(815301076,1909f56bfc062723c751e8b465ee728b)
Start importing Assets/Tests/Test_Davi/Scripts/BabyBottleController.cs using Guid(e90401e3ed60286c7a4c8dc40b022595) Importer(815301076,1909f56bfc062723c751e8b465ee728b) [PhysX] Initialized MultithreadedTaskDispatcher with 12 workers.
 -> (artifact id: '00000000000000000000000000000000') in 0.000590 seconds
Import Error Code:(4)
Message: Build asset version error: assets/tests/test_davi/scripts/babybottlecontroller.cs in SourceAssetDB has modification time of '2025-06-18T19:14:53Z' while content on disk has modification time of '2025-06-18T19:16:03Z'
  ERROR: Build asset version error: assets/tests/test_davi/scripts/babybottlecontroller.cs in SourceAssetDB has modification time of '2025-06-18T19:14:53Z' while content on disk has modification time of '2025-06-18T19:16:03Z'
Number of updated asset objects reloaded before import = 0
Number of asset objects unloaded after import = 0
========================================================================
Received Import Request.
  Time since last request: 1.003159 seconds.
  path: Assets/Tests/Test_Davi/Scripts/BabyBottleController.cs
  artifactKey: Guid(e90401e3ed60286c7a4c8dc40b022595) Importer(815301076,1909f56bfc062723c751e8b465ee728b)
Start importing Assets/Tests/Test_Davi/Scripts/BabyBottleController.cs using Guid(e90401e3ed60286c7a4c8dc40b022595) Importer(815301076,1909f56bfc062723c751e8b465ee728b) [PhysX] Initialized MultithreadedTaskDispatcher with 12 workers.
 -> (artifact id: '00000000000000000000000000000000') in 0.000440 seconds
Import Error Code:(4)
Message: Build asset version error: assets/tests/test_davi/scripts/babybottlecontroller.cs in SourceAssetDB has modification time of '2025-06-18T19:14:53Z' while content on disk has modification time of '2025-06-18T19:16:03Z'
  ERROR: Build asset version error: assets/tests/test_davi/scripts/babybottlecontroller.cs in SourceAssetDB has modification time of '2025-06-18T19:14:53Z' while content on disk has modification time of '2025-06-18T19:16:03Z'
Number of updated asset objects reloaded before import = 0
Number of asset objects unloaded after import = 0
========================================================================
Received Import Request.
  Time since last request: 1.003938 seconds.
  path: Assets/Tests/Test_Davi/Scripts/BabyBottleController.cs
  artifactKey: Guid(e90401e3ed60286c7a4c8dc40b022595) Importer(815301076,1909f56bfc062723c751e8b465ee728b)
Start importing Assets/Tests/Test_Davi/Scripts/BabyBottleController.cs using Guid(e90401e3ed60286c7a4c8dc40b022595) Importer(815301076,1909f56bfc062723c751e8b465ee728b) [PhysX] Initialized MultithreadedTaskDispatcher with 12 workers.
 -> (artifact id: '00000000000000000000000000000000') in 0.000420 seconds
Import Error Code:(4)
Message: Build asset version error: assets/tests/test_davi/scripts/babybottlecontroller.cs in SourceAssetDB has modification time of '2025-06-18T19:14:53Z' while content on disk has modification time of '2025-06-18T19:16:03Z'
  ERROR: Build asset version error: assets/tests/test_davi/scripts/babybottlecontroller.cs in SourceAssetDB has modification time of '2025-06-18T19:14:53Z' while content on disk has modification time of '2025-06-18T19:16:03Z'
Number of updated asset objects reloaded before import = 0
Number of asset objects unloaded after import = 0
========================================================================
Received Import Request.
  Time since last request: 1.005301 seconds.
  path: Assets/Tests/Test_Davi/Scripts/BabyBottleController.cs
  artifactKey: Guid(e90401e3ed60286c7a4c8dc40b022595) Importer(815301076,1909f56bfc062723c751e8b465ee728b)
Start importing Assets/Tests/Test_Davi/Scripts/BabyBottleController.cs using Guid(e90401e3ed60286c7a4c8dc40b022595) Importer(815301076,1909f56bfc062723c751e8b465ee728b) [PhysX] Initialized MultithreadedTaskDispatcher with 12 workers.
 -> (artifact id: '00000000000000000000000000000000') in 0.000462 seconds
Import Error Code:(4)
Message: Build asset version error: assets/tests/test_davi/scripts/babybottlecontroller.cs in SourceAssetDB has modification time of '2025-06-18T19:14:53Z' while content on disk has modification time of '2025-06-18T19:16:03Z'
  ERROR: Build asset version error: assets/tests/test_davi/scripts/babybottlecontroller.cs in SourceAssetDB has modification time of '2025-06-18T19:14:53Z' while content on disk has modification time of '2025-06-18T19:16:03Z'
Number of updated asset objects reloaded before import = 0
Number of asset objects unloaded after import = 0
========================================================================
Received Import Request.
  Time since last request: 1.004187 seconds.
  path: Assets/Tests/Test_Davi/Scripts/BabyBottleController.cs
  artifactKey: Guid(e90401e3ed60286c7a4c8dc40b022595) Importer(815301076,1909f56bfc062723c751e8b465ee728b)
Start importing Assets/Tests/Test_Davi/Scripts/BabyBottleController.cs using Guid(e90401e3ed60286c7a4c8dc40b022595) Importer(815301076,1909f56bfc062723c751e8b465ee728b) [PhysX] Initialized MultithreadedTaskDispatcher with 12 workers.
 -> (artifact id: '00000000000000000000000000000000') in 0.000456 seconds
Import Error Code:(4)
Message: Build asset version error: assets/tests/test_davi/scripts/babybottlecontroller.cs in SourceAssetDB has modification time of '2025-06-18T19:14:53Z' while content on disk has modification time of '2025-06-18T19:16:03Z'
  ERROR: Build asset version error: assets/tests/test_davi/scripts/babybottlecontroller.cs in SourceAssetDB has modification time of '2025-06-18T19:14:53Z' while content on disk has modification time of '2025-06-18T19:16:03Z'
Number of updated asset objects reloaded before import = 0
Number of asset objects unloaded after import = 0
========================================================================
Received Import Request.
  Time since last request: 1.004169 seconds.
  path: Assets/Tests/Test_Davi/Scripts/BabyBottleController.cs
  artifactKey: Guid(e90401e3ed60286c7a4c8dc40b022595) Importer(815301076,1909f56bfc062723c751e8b465ee728b)
Start importing Assets/Tests/Test_Davi/Scripts/BabyBottleController.cs using Guid(e90401e3ed60286c7a4c8dc40b022595) Importer(815301076,1909f56bfc062723c751e8b465ee728b) [PhysX] Initialized MultithreadedTaskDispatcher with 12 workers.
 -> (artifact id: '00000000000000000000000000000000') in 0.000410 seconds
Import Error Code:(4)
Message: Build asset version error: assets/tests/test_davi/scripts/babybottlecontroller.cs in SourceAssetDB has modification time of '2025-06-18T19:14:53Z' while content on disk has modification time of '2025-06-18T19:16:09Z'
  ERROR: Build asset version error: assets/tests/test_davi/scripts/babybottlecontroller.cs in SourceAssetDB has modification time of '2025-06-18T19:14:53Z' while content on disk has modification time of '2025-06-18T19:16:09Z'
Number of updated asset objects reloaded before import = 0
Number of asset objects unloaded after import = 0
========================================================================
Received Import Request.
  Time since last request: 1.004389 seconds.
  path: Assets/Tests/Test_Davi/Scripts/BabyBottleController.cs
  artifactKey: Guid(e90401e3ed60286c7a4c8dc40b022595) Importer(815301076,1909f56bfc062723c751e8b465ee728b)
Start importing Assets/Tests/Test_Davi/Scripts/BabyBottleController.cs using Guid(e90401e3ed60286c7a4c8dc40b022595) Importer(815301076,1909f56bfc062723c751e8b465ee728b) [PhysX] Initialized MultithreadedTaskDispatcher with 12 workers.
 -> (artifact id: '00000000000000000000000000000000') in 0.000489 seconds
Import Error Code:(4)
Message: Build asset version error: assets/tests/test_davi/scripts/babybottlecontroller.cs in SourceAssetDB has modification time of '2025-06-18T19:14:53Z' while content on disk has modification time of '2025-06-18T19:16:09Z'
  ERROR: Build asset version error: assets/tests/test_davi/scripts/babybottlecontroller.cs in SourceAssetDB has modification time of '2025-06-18T19:14:53Z' while content on disk has modification time of '2025-06-18T19:16:09Z'
Number of updated asset objects reloaded before import = 0
Number of asset objects unloaded after import = 0
========================================================================
Received Import Request.
  Time since last request: 1.005432 seconds.
  path: Assets/Tests/Test_Davi/Scripts/BabyBottleController.cs
  artifactKey: Guid(e90401e3ed60286c7a4c8dc40b022595) Importer(815301076,1909f56bfc062723c751e8b465ee728b)
Start importing Assets/Tests/Test_Davi/Scripts/BabyBottleController.cs using Guid(e90401e3ed60286c7a4c8dc40b022595) Importer(815301076,1909f56bfc062723c751e8b465ee728b) [PhysX] Initialized MultithreadedTaskDispatcher with 12 workers.
 -> (artifact id: '00000000000000000000000000000000') in 0.000430 seconds
Import Error Code:(4)
Message: Build asset version error: assets/tests/test_davi/scripts/babybottlecontroller.cs in SourceAssetDB has modification time of '2025-06-18T19:14:53Z' while content on disk has modification time of '2025-06-18T19:16:12Z'
  ERROR: Build asset version error: assets/tests/test_davi/scripts/babybottlecontroller.cs in SourceAssetDB has modification time of '2025-06-18T19:14:53Z' while content on disk has modification time of '2025-06-18T19:16:12Z'
Number of updated asset objects reloaded before import = 0
Number of asset objects unloaded after import = 0
========================================================================
Received Import Request.
  Time since last request: 1.002532 seconds.
  path: Assets/Tests/Test_Davi/Scripts/BabyBottleController.cs
  artifactKey: Guid(e90401e3ed60286c7a4c8dc40b022595) Importer(815301076,1909f56bfc062723c751e8b465ee728b)
Start importing Assets/Tests/Test_Davi/Scripts/BabyBottleController.cs using Guid(e90401e3ed60286c7a4c8dc40b022595) Importer(815301076,1909f56bfc062723c751e8b465ee728b) [PhysX] Initialized MultithreadedTaskDispatcher with 12 workers.
 -> (artifact id: '00000000000000000000000000000000') in 0.000416 seconds
Import Error Code:(4)
Message: Build asset version error: assets/tests/test_davi/scripts/babybottlecontroller.cs in SourceAssetDB has modification time of '2025-06-18T19:14:53Z' while content on disk has modification time of '2025-06-18T19:16:12Z'
  ERROR: Build asset version error: assets/tests/test_davi/scripts/babybottlecontroller.cs in SourceAssetDB has modification time of '2025-06-18T19:14:53Z' while content on disk has modification time of '2025-06-18T19:16:12Z'
Number of updated asset objects reloaded before import = 0
Number of asset objects unloaded after import = 0
========================================================================
Received Import Request.
  Time since last request: 1.003248 seconds.
  path: Assets/Tests/Test_Davi/Scripts/BabyBottleController.cs
  artifactKey: Guid(e90401e3ed60286c7a4c8dc40b022595) Importer(815301076,1909f56bfc062723c751e8b465ee728b)
Start importing Assets/Tests/Test_Davi/Scripts/BabyBottleController.cs using Guid(e90401e3ed60286c7a4c8dc40b022595) Importer(815301076,1909f56bfc062723c751e8b465ee728b) [PhysX] Initialized MultithreadedTaskDispatcher with 12 workers.
 -> (artifact id: '00000000000000000000000000000000') in 0.000775 seconds
Import Error Code:(4)
Message: Build asset version error: assets/tests/test_davi/scripts/babybottlecontroller.cs in SourceAssetDB has modification time of '2025-06-18T19:14:53Z' while content on disk has modification time of '2025-06-18T19:16:12Z'
  ERROR: Build asset version error: assets/tests/test_davi/scripts/babybottlecontroller.cs in SourceAssetDB has modification time of '2025-06-18T19:14:53Z' while content on disk has modification time of '2025-06-18T19:16:12Z'
Number of updated asset objects reloaded before import = 0
Number of asset objects unloaded after import = 0
========================================================================
Received Import Request.
  Time since last request: 1.002945 seconds.
  path: Assets/Tests/Test_Davi/Scripts/BabyBottleController.cs
  artifactKey: Guid(e90401e3ed60286c7a4c8dc40b022595) Importer(815301076,1909f56bfc062723c751e8b465ee728b)
Start importing Assets/Tests/Test_Davi/Scripts/BabyBottleController.cs using Guid(e90401e3ed60286c7a4c8dc40b022595) Importer(815301076,1909f56bfc062723c751e8b465ee728b) [PhysX] Initialized MultithreadedTaskDispatcher with 12 workers.
 -> (artifact id: '00000000000000000000000000000000') in 0.000479 seconds
Import Error Code:(4)
Message: Build asset version error: assets/tests/test_davi/scripts/babybottlecontroller.cs in SourceAssetDB has modification time of '2025-06-18T19:14:53Z' while content on disk has modification time of '2025-06-18T19:16:12Z'
  ERROR: Build asset version error: assets/tests/test_davi/scripts/babybottlecontroller.cs in SourceAssetDB has modification time of '2025-06-18T19:14:53Z' while content on disk has modification time of '2025-06-18T19:16:12Z'
Number of updated asset objects reloaded before import = 0
Number of asset objects unloaded after import = 0
========================================================================
Received Import Request.
  Time since last request: 1.002970 seconds.
  path: Assets/Tests/Test_Davi/Scripts/BabyBottleController.cs
  artifactKey: Guid(e90401e3ed60286c7a4c8dc40b022595) Importer(815301076,1909f56bfc062723c751e8b465ee728b)
Start importing Assets/Tests/Test_Davi/Scripts/BabyBottleController.cs using Guid(e90401e3ed60286c7a4c8dc40b022595) Importer(815301076,1909f56bfc062723c751e8b465ee728b) [PhysX] Initialized MultithreadedTaskDispatcher with 12 workers.
 -> (artifact id: '00000000000000000000000000000000') in 0.000460 seconds
Import Error Code:(4)
Message: Build asset version error: assets/tests/test_davi/scripts/babybottlecontroller.cs in SourceAssetDB has modification time of '2025-06-18T19:14:53Z' while content on disk has modification time of '2025-06-18T19:16:12Z'
  ERROR: Build asset version error: assets/tests/test_davi/scripts/babybottlecontroller.cs in SourceAssetDB has modification time of '2025-06-18T19:14:53Z' while content on disk has modification time of '2025-06-18T19:16:12Z'
Number of updated asset objects reloaded before import = 0
Number of asset objects unloaded after import = 0
========================================================================
Received Import Request.
  Time since last request: 1.002922 seconds.
  path: Assets/Tests/Test_Davi/Scripts/BabyBottleController.cs
  artifactKey: Guid(e90401e3ed60286c7a4c8dc40b022595) Importer(815301076,1909f56bfc062723c751e8b465ee728b)
Start importing Assets/Tests/Test_Davi/Scripts/BabyBottleController.cs using Guid(e90401e3ed60286c7a4c8dc40b022595) Importer(815301076,1909f56bfc062723c751e8b465ee728b) [PhysX] Initialized MultithreadedTaskDispatcher with 12 workers.
 -> (artifact id: '00000000000000000000000000000000') in 0.000482 seconds
Import Error Code:(4)
Message: Build asset version error: assets/tests/test_davi/scripts/babybottlecontroller.cs in SourceAssetDB has modification time of '2025-06-18T19:14:53Z' while content on disk has modification time of '2025-06-18T19:16:12Z'
  ERROR: Build asset version error: assets/tests/test_davi/scripts/babybottlecontroller.cs in SourceAssetDB has modification time of '2025-06-18T19:14:53Z' while content on disk has modification time of '2025-06-18T19:16:12Z'
Number of updated asset objects reloaded before import = 0
Number of asset objects unloaded after import = 0
========================================================================
Received Import Request.
  Time since last request: 1.003734 seconds.
  path: Assets/Tests/Test_Davi/Scripts/BabyBottleController.cs
  artifactKey: Guid(e90401e3ed60286c7a4c8dc40b022595) Importer(815301076,1909f56bfc062723c751e8b465ee728b)
Start importing Assets/Tests/Test_Davi/Scripts/BabyBottleController.cs using Guid(e90401e3ed60286c7a4c8dc40b022595) Importer(815301076,1909f56bfc062723c751e8b465ee728b) [PhysX] Initialized MultithreadedTaskDispatcher with 12 workers.
 -> (artifact id: '00000000000000000000000000000000') in 0.000406 seconds
Import Error Code:(4)
Message: Build asset version error: assets/tests/test_davi/scripts/babybottlecontroller.cs in SourceAssetDB has modification time of '2025-06-18T19:14:53Z' while content on disk has modification time of '2025-06-18T19:16:12Z'
  ERROR: Build asset version error: assets/tests/test_davi/scripts/babybottlecontroller.cs in SourceAssetDB has modification time of '2025-06-18T19:14:53Z' while content on disk has modification time of '2025-06-18T19:16:12Z'
Number of updated asset objects reloaded before import = 0
Number of asset objects unloaded after import = 0
========================================================================
Received Import Request.
  Time since last request: 1.003402 seconds.
  path: Assets/Tests/Test_Davi/Scripts/BabyBottleController.cs
  artifactKey: Guid(e90401e3ed60286c7a4c8dc40b022595) Importer(815301076,1909f56bfc062723c751e8b465ee728b)
Start importing Assets/Tests/Test_Davi/Scripts/BabyBottleController.cs using Guid(e90401e3ed60286c7a4c8dc40b022595) Importer(815301076,1909f56bfc062723c751e8b465ee728b) [PhysX] Initialized MultithreadedTaskDispatcher with 12 workers.
 -> (artifact id: '00000000000000000000000000000000') in 0.000503 seconds
Import Error Code:(4)
Message: Build asset version error: assets/tests/test_davi/scripts/babybottlecontroller.cs in SourceAssetDB has modification time of '2025-06-18T19:14:53Z' while content on disk has modification time of '2025-06-18T19:16:12Z'
  ERROR: Build asset version error: assets/tests/test_davi/scripts/babybottlecontroller.cs in SourceAssetDB has modification time of '2025-06-18T19:14:53Z' while content on disk has modification time of '2025-06-18T19:16:12Z'
Number of updated asset objects reloaded before import = 0
Number of asset objects unloaded after import = 0
========================================================================
Received Import Request.
  Time since last request: 1.002447 seconds.
  path: Assets/Tests/Test_Davi/Scripts/BabyBottleController.cs
  artifactKey: Guid(e90401e3ed60286c7a4c8dc40b022595) Importer(815301076,1909f56bfc062723c751e8b465ee728b)
Start importing Assets/Tests/Test_Davi/Scripts/BabyBottleController.cs using Guid(e90401e3ed60286c7a4c8dc40b022595) Importer(815301076,1909f56bfc062723c751e8b465ee728b) [PhysX] Initialized MultithreadedTaskDispatcher with 12 workers.
 -> (artifact id: '00000000000000000000000000000000') in 0.000513 seconds
Import Error Code:(4)
Message: Build asset version error: assets/tests/test_davi/scripts/babybottlecontroller.cs in SourceAssetDB has modification time of '2025-06-18T19:14:53Z' while content on disk has modification time of '2025-06-18T19:16:12Z'
  ERROR: Build asset version error: assets/tests/test_davi/scripts/babybottlecontroller.cs in SourceAssetDB has modification time of '2025-06-18T19:14:53Z' while content on disk has modification time of '2025-06-18T19:16:12Z'
Number of updated asset objects reloaded before import = 0
Number of asset objects unloaded after import = 0
========================================================================
Received Import Request.
  Time since last request: 1.003542 seconds.
  path: Assets/Tests/Test_Davi/Scripts/BabyBottleController.cs
  artifactKey: Guid(e90401e3ed60286c7a4c8dc40b022595) Importer(815301076,1909f56bfc062723c751e8b465ee728b)
Start importing Assets/Tests/Test_Davi/Scripts/BabyBottleController.cs using Guid(e90401e3ed60286c7a4c8dc40b022595) Importer(815301076,1909f56bfc062723c751e8b465ee728b) [PhysX] Initialized MultithreadedTaskDispatcher with 12 workers.
 -> (artifact id: '00000000000000000000000000000000') in 0.000585 seconds
Import Error Code:(4)
Message: Build asset version error: assets/tests/test_davi/scripts/babybottlecontroller.cs in SourceAssetDB has modification time of '2025-06-18T19:14:53Z' while content on disk has modification time of '2025-06-18T19:16:12Z'
  ERROR: Build asset version error: assets/tests/test_davi/scripts/babybottlecontroller.cs in SourceAssetDB has modification time of '2025-06-18T19:14:53Z' while content on disk has modification time of '2025-06-18T19:16:12Z'
Number of updated asset objects reloaded before import = 0
Number of asset objects unloaded after import = 0
========================================================================
Received Import Request.
  Time since last request: 1.003885 seconds.
  path: Assets/Tests/Test_Davi/Scripts/BabyBottleController.cs
  artifactKey: Guid(e90401e3ed60286c7a4c8dc40b022595) Importer(815301076,1909f56bfc062723c751e8b465ee728b)
Start importing Assets/Tests/Test_Davi/Scripts/BabyBottleController.cs using Guid(e90401e3ed60286c7a4c8dc40b022595) Importer(815301076,1909f56bfc062723c751e8b465ee728b) [PhysX] Initialized MultithreadedTaskDispatcher with 12 workers.
 -> (artifact id: '00000000000000000000000000000000') in 0.000478 seconds
Import Error Code:(4)
Message: Build asset version error: assets/tests/test_davi/scripts/babybottlecontroller.cs in SourceAssetDB has modification time of '2025-06-18T19:14:53Z' while content on disk has modification time of '2025-06-18T19:16:22Z'
  ERROR: Build asset version error: assets/tests/test_davi/scripts/babybottlecontroller.cs in SourceAssetDB has modification time of '2025-06-18T19:14:53Z' while content on disk has modification time of '2025-06-18T19:16:22Z'
Number of updated asset objects reloaded before import = 0
Number of asset objects unloaded after import = 0
========================================================================
Received Import Request.
  Time since last request: 1.002994 seconds.
  path: Assets/Tests/Test_Davi/Scripts/BabyBottleController.cs
  artifactKey: Guid(e90401e3ed60286c7a4c8dc40b022595) Importer(815301076,1909f56bfc062723c751e8b465ee728b)
Start importing Assets/Tests/Test_Davi/Scripts/BabyBottleController.cs using Guid(e90401e3ed60286c7a4c8dc40b022595) Importer(815301076,1909f56bfc062723c751e8b465ee728b) [PhysX] Initialized MultithreadedTaskDispatcher with 12 workers.
 -> (artifact id: '00000000000000000000000000000000') in 0.000504 seconds
Import Error Code:(4)
Message: Build asset version error: assets/tests/test_davi/scripts/babybottlecontroller.cs in SourceAssetDB has modification time of '2025-06-18T19:14:53Z' while content on disk has modification time of '2025-06-18T19:16:22Z'
  ERROR: Build asset version error: assets/tests/test_davi/scripts/babybottlecontroller.cs in SourceAssetDB has modification time of '2025-06-18T19:14:53Z' while content on disk has modification time of '2025-06-18T19:16:22Z'
Number of updated asset objects reloaded before import = 0
Number of asset objects unloaded after import = 0
========================================================================
Received Import Request.
  Time since last request: 1.003941 seconds.
  path: Assets/Tests/Test_Davi/Scripts/BabyBottleController.cs
  artifactKey: Guid(e90401e3ed60286c7a4c8dc40b022595) Importer(815301076,1909f56bfc062723c751e8b465ee728b)
Start importing Assets/Tests/Test_Davi/Scripts/BabyBottleController.cs using Guid(e90401e3ed60286c7a4c8dc40b022595) Importer(815301076,1909f56bfc062723c751e8b465ee728b) [PhysX] Initialized MultithreadedTaskDispatcher with 12 workers.
 -> (artifact id: '00000000000000000000000000000000') in 0.000436 seconds
Import Error Code:(4)
Message: Build asset version error: assets/tests/test_davi/scripts/babybottlecontroller.cs in SourceAssetDB has modification time of '2025-06-18T19:14:53Z' while content on disk has modification time of '2025-06-18T19:16:22Z'
  ERROR: Build asset version error: assets/tests/test_davi/scripts/babybottlecontroller.cs in SourceAssetDB has modification time of '2025-06-18T19:14:53Z' while content on disk has modification time of '2025-06-18T19:16:22Z'
Number of updated asset objects reloaded before import = 0
Number of asset objects unloaded after import = 0
========================================================================
Received Import Request.
  Time since last request: 1.002964 seconds.
  path: Assets/Tests/Test_Davi/Scripts/BabyBottleController.cs
  artifactKey: Guid(e90401e3ed60286c7a4c8dc40b022595) Importer(815301076,1909f56bfc062723c751e8b465ee728b)
Start importing Assets/Tests/Test_Davi/Scripts/BabyBottleController.cs using Guid(e90401e3ed60286c7a4c8dc40b022595) Importer(815301076,1909f56bfc062723c751e8b465ee728b) [PhysX] Initialized MultithreadedTaskDispatcher with 12 workers.
 -> (artifact id: '00000000000000000000000000000000') in 0.000422 seconds
Import Error Code:(4)
Message: Build asset version error: assets/tests/test_davi/scripts/babybottlecontroller.cs in SourceAssetDB has modification time of '2025-06-18T19:14:53Z' while content on disk has modification time of '2025-06-18T19:16:24Z'
  ERROR: Build asset version error: assets/tests/test_davi/scripts/babybottlecontroller.cs in SourceAssetDB has modification time of '2025-06-18T19:14:53Z' while content on disk has modification time of '2025-06-18T19:16:24Z'
Number of updated asset objects reloaded before import = 0
Number of asset objects unloaded after import = 0
========================================================================
Received Import Request.
  Time since last request: 1.004615 seconds.
  path: Assets/Tests/Test_Davi/Scripts/BabyBottleController.cs
  artifactKey: Guid(e90401e3ed60286c7a4c8dc40b022595) Importer(815301076,1909f56bfc062723c751e8b465ee728b)
Start importing Assets/Tests/Test_Davi/Scripts/BabyBottleController.cs using Guid(e90401e3ed60286c7a4c8dc40b022595) Importer(815301076,1909f56bfc062723c751e8b465ee728b) [PhysX] Initialized MultithreadedTaskDispatcher with 12 workers.
 -> (artifact id: '00000000000000000000000000000000') in 0.000472 seconds
Import Error Code:(4)
Message: Build asset version error: assets/tests/test_davi/scripts/babybottlecontroller.cs in SourceAssetDB has modification time of '2025-06-18T19:14:53Z' while content on disk has modification time of '2025-06-18T19:16:24Z'
  ERROR: Build asset version error: assets/tests/test_davi/scripts/babybottlecontroller.cs in SourceAssetDB has modification time of '2025-06-18T19:14:53Z' while content on disk has modification time of '2025-06-18T19:16:24Z'
Number of updated asset objects reloaded before import = 0
Number of asset objects unloaded after import = 0
========================================================================
Received Import Request.
  Time since last request: 1.003950 seconds.
  path: Assets/Tests/Test_Davi/Scripts/BabyBottleController.cs
  artifactKey: Guid(e90401e3ed60286c7a4c8dc40b022595) Importer(815301076,1909f56bfc062723c751e8b465ee728b)
Start importing Assets/Tests/Test_Davi/Scripts/BabyBottleController.cs using Guid(e90401e3ed60286c7a4c8dc40b022595) Importer(815301076,1909f56bfc062723c751e8b465ee728b) [PhysX] Initialized MultithreadedTaskDispatcher with 12 workers.
 -> (artifact id: '00000000000000000000000000000000') in 0.000453 seconds
Import Error Code:(4)
Message: Build asset version error: assets/tests/test_davi/scripts/babybottlecontroller.cs in SourceAssetDB has modification time of '2025-06-18T19:14:53Z' while content on disk has modification time of '2025-06-18T19:16:26Z'
  ERROR: Build asset version error: assets/tests/test_davi/scripts/babybottlecontroller.cs in SourceAssetDB has modification time of '2025-06-18T19:14:53Z' while content on disk has modification time of '2025-06-18T19:16:26Z'
Number of updated asset objects reloaded before import = 0
Number of asset objects unloaded after import = 0
========================================================================
Received Import Request.
  Time since last request: 1.004622 seconds.
  path: Assets/Tests/Test_Davi/Scripts/BabyBottleController.cs
  artifactKey: Guid(e90401e3ed60286c7a4c8dc40b022595) Importer(815301076,1909f56bfc062723c751e8b465ee728b)
Start importing Assets/Tests/Test_Davi/Scripts/BabyBottleController.cs using Guid(e90401e3ed60286c7a4c8dc40b022595) Importer(815301076,1909f56bfc062723c751e8b465ee728b) [PhysX] Initialized MultithreadedTaskDispatcher with 12 workers.
 -> (artifact id: '00000000000000000000000000000000') in 0.000477 seconds
Import Error Code:(4)
Message: Build asset version error: assets/tests/test_davi/scripts/babybottlecontroller.cs in SourceAssetDB has modification time of '2025-06-18T19:14:53Z' while content on disk has modification time of '2025-06-18T19:16:26Z'
  ERROR: Build asset version error: assets/tests/test_davi/scripts/babybottlecontroller.cs in SourceAssetDB has modification time of '2025-06-18T19:14:53Z' while content on disk has modification time of '2025-06-18T19:16:26Z'
Number of updated asset objects reloaded before import = 0
Number of asset objects unloaded after import = 0
========================================================================
Received Import Request.
  Time since last request: 1.003236 seconds.
  path: Assets/Tests/Test_Davi/Scripts/BabyBottleController.cs
  artifactKey: Guid(e90401e3ed60286c7a4c8dc40b022595) Importer(815301076,1909f56bfc062723c751e8b465ee728b)
Start importing Assets/Tests/Test_Davi/Scripts/BabyBottleController.cs using Guid(e90401e3ed60286c7a4c8dc40b022595) Importer(815301076,1909f56bfc062723c751e8b465ee728b) [PhysX] Initialized MultithreadedTaskDispatcher with 12 workers.
 -> (artifact id: '00000000000000000000000000000000') in 0.000495 seconds
Import Error Code:(4)
Message: Build asset version error: assets/tests/test_davi/scripts/babybottlecontroller.cs in SourceAssetDB has modification time of '2025-06-18T19:14:53Z' while content on disk has modification time of '2025-06-18T19:16:26Z'
  ERROR: Build asset version error: assets/tests/test_davi/scripts/babybottlecontroller.cs in SourceAssetDB has modification time of '2025-06-18T19:14:53Z' while content on disk has modification time of '2025-06-18T19:16:26Z'
Number of updated asset objects reloaded before import = 0
Number of asset objects unloaded after import = 0
========================================================================
Received Import Request.
  Time since last request: 1.003999 seconds.
  path: Assets/Tests/Test_Davi/Scripts/BabyBottleController.cs
  artifactKey: Guid(e90401e3ed60286c7a4c8dc40b022595) Importer(815301076,1909f56bfc062723c751e8b465ee728b)
Start importing Assets/Tests/Test_Davi/Scripts/BabyBottleController.cs using Guid(e90401e3ed60286c7a4c8dc40b022595) Importer(815301076,1909f56bfc062723c751e8b465ee728b) [PhysX] Initialized MultithreadedTaskDispatcher with 12 workers.
 -> (artifact id: '00000000000000000000000000000000') in 0.000444 seconds
Import Error Code:(4)
Message: Build asset version error: assets/tests/test_davi/scripts/babybottlecontroller.cs in SourceAssetDB has modification time of '2025-06-18T19:14:53Z' while content on disk has modification time of '2025-06-18T19:16:26Z'
  ERROR: Build asset version error: assets/tests/test_davi/scripts/babybottlecontroller.cs in SourceAssetDB has modification time of '2025-06-18T19:14:53Z' while content on disk has modification time of '2025-06-18T19:16:26Z'
Number of updated asset objects reloaded before import = 0
Number of asset objects unloaded after import = 0
========================================================================
Received Import Request.
  Time since last request: 1.003342 seconds.
  path: Assets/Tests/Test_Davi/Scripts/BabyBottleController.cs
  artifactKey: Guid(e90401e3ed60286c7a4c8dc40b022595) Importer(815301076,1909f56bfc062723c751e8b465ee728b)
Start importing Assets/Tests/Test_Davi/Scripts/BabyBottleController.cs using Guid(e90401e3ed60286c7a4c8dc40b022595) Importer(815301076,1909f56bfc062723c751e8b465ee728b) [PhysX] Initialized MultithreadedTaskDispatcher with 12 workers.
 -> (artifact id: '00000000000000000000000000000000') in 0.000429 seconds
Import Error Code:(4)
Message: Build asset version error: assets/tests/test_davi/scripts/babybottlecontroller.cs in SourceAssetDB has modification time of '2025-06-18T19:14:53Z' while content on disk has modification time of '2025-06-18T19:16:26Z'
  ERROR: Build asset version error: assets/tests/test_davi/scripts/babybottlecontroller.cs in SourceAssetDB has modification time of '2025-06-18T19:14:53Z' while content on disk has modification time of '2025-06-18T19:16:26Z'
Number of updated asset objects reloaded before import = 0
Number of asset objects unloaded after import = 0
========================================================================
Received Import Request.
  Time since last request: 1.003046 seconds.
  path: Assets/Tests/Test_Davi/Scripts/BabyBottleController.cs
  artifactKey: Guid(e90401e3ed60286c7a4c8dc40b022595) Importer(815301076,1909f56bfc062723c751e8b465ee728b)
Start importing Assets/Tests/Test_Davi/Scripts/BabyBottleController.cs using Guid(e90401e3ed60286c7a4c8dc40b022595) Importer(815301076,1909f56bfc062723c751e8b465ee728b) [PhysX] Initialized MultithreadedTaskDispatcher with 12 workers.
 -> (artifact id: '00000000000000000000000000000000') in 0.000464 seconds
Import Error Code:(4)
Message: Build asset version error: assets/tests/test_davi/scripts/babybottlecontroller.cs in SourceAssetDB has modification time of '2025-06-18T19:14:53Z' while content on disk has modification time of '2025-06-18T19:16:31Z'
  ERROR: Build asset version error: assets/tests/test_davi/scripts/babybottlecontroller.cs in SourceAssetDB has modification time of '2025-06-18T19:14:53Z' while content on disk has modification time of '2025-06-18T19:16:31Z'
Number of updated asset objects reloaded before import = 0
Number of asset objects unloaded after import = 0
========================================================================
Received Import Request.
  Time since last request: 1.003304 seconds.
  path: Assets/Tests/Test_Davi/Scripts/BabyBottleController.cs
  artifactKey: Guid(e90401e3ed60286c7a4c8dc40b022595) Importer(815301076,1909f56bfc062723c751e8b465ee728b)
Start importing Assets/Tests/Test_Davi/Scripts/BabyBottleController.cs using Guid(e90401e3ed60286c7a4c8dc40b022595) Importer(815301076,1909f56bfc062723c751e8b465ee728b) [PhysX] Initialized MultithreadedTaskDispatcher with 12 workers.
 -> (artifact id: '00000000000000000000000000000000') in 0.000541 seconds
Import Error Code:(4)
Message: Build asset version error: assets/tests/test_davi/scripts/babybottlecontroller.cs in SourceAssetDB has modification time of '2025-06-18T19:14:53Z' while content on disk has modification time of '2025-06-18T19:16:31Z'
  ERROR: Build asset version error: assets/tests/test_davi/scripts/babybottlecontroller.cs in SourceAssetDB has modification time of '2025-06-18T19:14:53Z' while content on disk has modification time of '2025-06-18T19:16:31Z'
Number of updated asset objects reloaded before import = 0
Number of asset objects unloaded after import = 0
========================================================================
Received Import Request.
  Time since last request: 1.006551 seconds.
  path: Assets/Tests/Test_Davi/Scripts/BabyBottleController.cs
  artifactKey: Guid(e90401e3ed60286c7a4c8dc40b022595) Importer(815301076,1909f56bfc062723c751e8b465ee728b)
Start importing Assets/Tests/Test_Davi/Scripts/BabyBottleController.cs using Guid(e90401e3ed60286c7a4c8dc40b022595) Importer(815301076,1909f56bfc062723c751e8b465ee728b) [PhysX] Initialized MultithreadedTaskDispatcher with 12 workers.
 -> (artifact id: '00000000000000000000000000000000') in 0.000458 seconds
Import Error Code:(4)
Message: Build asset version error: assets/tests/test_davi/scripts/babybottlecontroller.cs in SourceAssetDB has modification time of '2025-06-18T19:14:53Z' while content on disk has modification time of '2025-06-18T19:16:31Z'
  ERROR: Build asset version error: assets/tests/test_davi/scripts/babybottlecontroller.cs in SourceAssetDB has modification time of '2025-06-18T19:14:53Z' while content on disk has modification time of '2025-06-18T19:16:31Z'
Number of updated asset objects reloaded before import = 0
Number of asset objects unloaded after import = 0
========================================================================
Received Import Request.
  Time since last request: 1.003092 seconds.
  path: Assets/Tests/Test_Davi/Scripts/BabyBottleController.cs
  artifactKey: Guid(e90401e3ed60286c7a4c8dc40b022595) Importer(815301076,1909f56bfc062723c751e8b465ee728b)
Start importing Assets/Tests/Test_Davi/Scripts/BabyBottleController.cs using Guid(e90401e3ed60286c7a4c8dc40b022595) Importer(815301076,1909f56bfc062723c751e8b465ee728b) [PhysX] Initialized MultithreadedTaskDispatcher with 12 workers.
 -> (artifact id: '00000000000000000000000000000000') in 0.000455 seconds
Import Error Code:(4)
Message: Build asset version error: assets/tests/test_davi/scripts/babybottlecontroller.cs in SourceAssetDB has modification time of '2025-06-18T19:14:53Z' while content on disk has modification time of '2025-06-18T19:16:35Z'
  ERROR: Build asset version error: assets/tests/test_davi/scripts/babybottlecontroller.cs in SourceAssetDB has modification time of '2025-06-18T19:14:53Z' while content on disk has modification time of '2025-06-18T19:16:35Z'
Number of updated asset objects reloaded before import = 0
Number of asset objects unloaded after import = 0
========================================================================
Received Import Request.
  Time since last request: 1.005574 seconds.
  path: Assets/Tests/Test_Davi/Scripts/BabyBottleController.cs
  artifactKey: Guid(e90401e3ed60286c7a4c8dc40b022595) Importer(815301076,1909f56bfc062723c751e8b465ee728b)
Start importing Assets/Tests/Test_Davi/Scripts/BabyBottleController.cs using Guid(e90401e3ed60286c7a4c8dc40b022595) Importer(815301076,1909f56bfc062723c751e8b465ee728b) [PhysX] Initialized MultithreadedTaskDispatcher with 12 workers.
 -> (artifact id: '00000000000000000000000000000000') in 0.000669 seconds
Import Error Code:(4)
Message: Build asset version error: assets/tests/test_davi/scripts/babybottlecontroller.cs in SourceAssetDB has modification time of '2025-06-18T19:14:53Z' while content on disk has modification time of '2025-06-18T19:16:35Z'
  ERROR: Build asset version error: assets/tests/test_davi/scripts/babybottlecontroller.cs in SourceAssetDB has modification time of '2025-06-18T19:14:53Z' while content on disk has modification time of '2025-06-18T19:16:35Z'
Number of updated asset objects reloaded before import = 0
Number of asset objects unloaded after import = 0
========================================================================
Received Import Request.
  Time since last request: 1.006755 seconds.
  path: Assets/Tests/Test_Davi/Scripts/BabyBottleController.cs
  artifactKey: Guid(e90401e3ed60286c7a4c8dc40b022595) Importer(815301076,1909f56bfc062723c751e8b465ee728b)
Start importing Assets/Tests/Test_Davi/Scripts/BabyBottleController.cs using Guid(e90401e3ed60286c7a4c8dc40b022595) Importer(815301076,1909f56bfc062723c751e8b465ee728b) [PhysX] Initialized MultithreadedTaskDispatcher with 12 workers.
 -> (artifact id: '00000000000000000000000000000000') in 0.000798 seconds
Import Error Code:(4)
Message: Build asset version error: assets/tests/test_davi/scripts/babybottlecontroller.cs in SourceAssetDB has modification time of '2025-06-18T19:14:53Z' while content on disk has modification time of '2025-06-18T19:16:35Z'
  ERROR: Build asset version error: assets/tests/test_davi/scripts/babybottlecontroller.cs in SourceAssetDB has modification time of '2025-06-18T19:14:53Z' while content on disk has modification time of '2025-06-18T19:16:35Z'
Number of updated asset objects reloaded before import = 0
Number of asset objects unloaded after import = 0
========================================================================
Received Import Request.
  Time since last request: 1.010205 seconds.
  path: Assets/Tests/Test_Davi/Scripts/BabyBottleController.cs
  artifactKey: Guid(e90401e3ed60286c7a4c8dc40b022595) Importer(815301076,1909f56bfc062723c751e8b465ee728b)
Start importing Assets/Tests/Test_Davi/Scripts/BabyBottleController.cs using Guid(e90401e3ed60286c7a4c8dc40b022595) Importer(815301076,1909f56bfc062723c751e8b465ee728b) [PhysX] Initialized MultithreadedTaskDispatcher with 12 workers.
 -> (artifact id: '00000000000000000000000000000000') in 0.000446 seconds
Import Error Code:(4)
Message: Build asset version error: assets/tests/test_davi/scripts/babybottlecontroller.cs in SourceAssetDB has modification time of '2025-06-18T19:14:53Z' while content on disk has modification time of '2025-06-18T19:16:35Z'
  ERROR: Build asset version error: assets/tests/test_davi/scripts/babybottlecontroller.cs in SourceAssetDB has modification time of '2025-06-18T19:14:53Z' while content on disk has modification time of '2025-06-18T19:16:35Z'
Number of updated asset objects reloaded before import = 0
Number of asset objects unloaded after import = 0
========================================================================
Received Import Request.
  Time since last request: 1.003454 seconds.
  path: Assets/Tests/Test_Davi/Scripts/BabyBottleController.cs
  artifactKey: Guid(e90401e3ed60286c7a4c8dc40b022595) Importer(815301076,1909f56bfc062723c751e8b465ee728b)
Start importing Assets/Tests/Test_Davi/Scripts/BabyBottleController.cs using Guid(e90401e3ed60286c7a4c8dc40b022595) Importer(815301076,1909f56bfc062723c751e8b465ee728b) [PhysX] Initialized MultithreadedTaskDispatcher with 12 workers.
 -> (artifact id: '00000000000000000000000000000000') in 0.000434 seconds
Import Error Code:(4)
Message: Build asset version error: assets/tests/test_davi/scripts/babybottlecontroller.cs in SourceAssetDB has modification time of '2025-06-18T19:14:53Z' while content on disk has modification time of '2025-06-18T19:16:39Z'
  ERROR: Build asset version error: assets/tests/test_davi/scripts/babybottlecontroller.cs in SourceAssetDB has modification time of '2025-06-18T19:14:53Z' while content on disk has modification time of '2025-06-18T19:16:39Z'
Number of updated asset objects reloaded before import = 0
Number of asset objects unloaded after import = 0
========================================================================
Received Import Request.
  Time since last request: 1.002754 seconds.
  path: Assets/Tests/Test_Davi/Scripts/BabyBottleController.cs
  artifactKey: Guid(e90401e3ed60286c7a4c8dc40b022595) Importer(815301076,1909f56bfc062723c751e8b465ee728b)
Start importing Assets/Tests/Test_Davi/Scripts/BabyBottleController.cs using Guid(e90401e3ed60286c7a4c8dc40b022595) Importer(815301076,1909f56bfc062723c751e8b465ee728b) [PhysX] Initialized MultithreadedTaskDispatcher with 12 workers.
 -> (artifact id: '00000000000000000000000000000000') in 0.000470 seconds
Import Error Code:(4)
Message: Build asset version error: assets/tests/test_davi/scripts/babybottlecontroller.cs in SourceAssetDB has modification time of '2025-06-18T19:14:53Z' while content on disk has modification time of '2025-06-18T19:16:39Z'
  ERROR: Build asset version error: assets/tests/test_davi/scripts/babybottlecontroller.cs in SourceAssetDB has modification time of '2025-06-18T19:14:53Z' while content on disk has modification time of '2025-06-18T19:16:39Z'
Number of updated asset objects reloaded before import = 0
Number of asset objects unloaded after import = 0
========================================================================
Received Import Request.
  Time since last request: 1.003422 seconds.
  path: Assets/Tests/Test_Davi/Scripts/BabyBottleController.cs
  artifactKey: Guid(e90401e3ed60286c7a4c8dc40b022595) Importer(815301076,1909f56bfc062723c751e8b465ee728b)
Start importing Assets/Tests/Test_Davi/Scripts/BabyBottleController.cs using Guid(e90401e3ed60286c7a4c8dc40b022595) Importer(815301076,1909f56bfc062723c751e8b465ee728b) [PhysX] Initialized MultithreadedTaskDispatcher with 12 workers.
 -> (artifact id: '00000000000000000000000000000000') in 0.000502 seconds
Import Error Code:(4)
Message: Build asset version error: assets/tests/test_davi/scripts/babybottlecontroller.cs in SourceAssetDB has modification time of '2025-06-18T19:14:53Z' while content on disk has modification time of '2025-06-18T19:16:41Z'
  ERROR: Build asset version error: assets/tests/test_davi/scripts/babybottlecontroller.cs in SourceAssetDB has modification time of '2025-06-18T19:14:53Z' while content on disk has modification time of '2025-06-18T19:16:41Z'
Number of updated asset objects reloaded before import = 0
Number of asset objects unloaded after import = 0
========================================================================
Received Import Request.
  Time since last request: 1.004090 seconds.
  path: Assets/Tests/Test_Davi/Scripts/BabyBottleController.cs
  artifactKey: Guid(e90401e3ed60286c7a4c8dc40b022595) Importer(815301076,1909f56bfc062723c751e8b465ee728b)
Start importing Assets/Tests/Test_Davi/Scripts/BabyBottleController.cs using Guid(e90401e3ed60286c7a4c8dc40b022595) Importer(815301076,1909f56bfc062723c751e8b465ee728b) [PhysX] Initialized MultithreadedTaskDispatcher with 12 workers.
 -> (artifact id: '00000000000000000000000000000000') in 0.000453 seconds
Import Error Code:(4)
Message: Build asset version error: assets/tests/test_davi/scripts/babybottlecontroller.cs in SourceAssetDB has modification time of '2025-06-18T19:14:53Z' while content on disk has modification time of '2025-06-18T19:16:41Z'
  ERROR: Build asset version error: assets/tests/test_davi/scripts/babybottlecontroller.cs in SourceAssetDB has modification time of '2025-06-18T19:14:53Z' while content on disk has modification time of '2025-06-18T19:16:41Z'
Number of updated asset objects reloaded before import = 0
Number of asset objects unloaded after import = 0
========================================================================
Received Import Request.
  Time since last request: 1.002565 seconds.
  path: Assets/Tests/Test_Davi/Scripts/BabyBottleController.cs
  artifactKey: Guid(e90401e3ed60286c7a4c8dc40b022595) Importer(815301076,1909f56bfc062723c751e8b465ee728b)
Start importing Assets/Tests/Test_Davi/Scripts/BabyBottleController.cs using Guid(e90401e3ed60286c7a4c8dc40b022595) Importer(815301076,1909f56bfc062723c751e8b465ee728b) [PhysX] Initialized MultithreadedTaskDispatcher with 12 workers.
 -> (artifact id: '00000000000000000000000000000000') in 0.000520 seconds
Import Error Code:(4)
Message: Build asset version error: assets/tests/test_davi/scripts/babybottlecontroller.cs in SourceAssetDB has modification time of '2025-06-18T19:14:53Z' while content on disk has modification time of '2025-06-18T19:16:41Z'
  ERROR: Build asset version error: assets/tests/test_davi/scripts/babybottlecontroller.cs in SourceAssetDB has modification time of '2025-06-18T19:14:53Z' while content on disk has modification time of '2025-06-18T19:16:41Z'
Number of updated asset objects reloaded before import = 0
Number of asset objects unloaded after import = 0
========================================================================
Received Import Request.
  Time since last request: 1.002881 seconds.
  path: Assets/Tests/Test_Davi/Scripts/BabyBottleController.cs
  artifactKey: Guid(e90401e3ed60286c7a4c8dc40b022595) Importer(815301076,1909f56bfc062723c751e8b465ee728b)
Start importing Assets/Tests/Test_Davi/Scripts/BabyBottleController.cs using Guid(e90401e3ed60286c7a4c8dc40b022595) Importer(815301076,1909f56bfc062723c751e8b465ee728b) [PhysX] Initialized MultithreadedTaskDispatcher with 12 workers.
 -> (artifact id: '00000000000000000000000000000000') in 0.000490 seconds
Import Error Code:(4)
Message: Build asset version error: assets/tests/test_davi/scripts/babybottlecontroller.cs in SourceAssetDB has modification time of '2025-06-18T19:14:53Z' while content on disk has modification time of '2025-06-18T19:16:41Z'
  ERROR: Build asset version error: assets/tests/test_davi/scripts/babybottlecontroller.cs in SourceAssetDB has modification time of '2025-06-18T19:14:53Z' while content on disk has modification time of '2025-06-18T19:16:41Z'
Number of updated asset objects reloaded before import = 0
Number of asset objects unloaded after import = 0
========================================================================
Received Import Request.
  Time since last request: 1.005796 seconds.
  path: Assets/Tests/Test_Davi/Scripts/BabyBottleController.cs
  artifactKey: Guid(e90401e3ed60286c7a4c8dc40b022595) Importer(815301076,1909f56bfc062723c751e8b465ee728b)
Start importing Assets/Tests/Test_Davi/Scripts/BabyBottleController.cs using Guid(e90401e3ed60286c7a4c8dc40b022595) Importer(815301076,1909f56bfc062723c751e8b465ee728b) [PhysX] Initialized MultithreadedTaskDispatcher with 12 workers.
 -> (artifact id: '00000000000000000000000000000000') in 0.000943 seconds
Import Error Code:(4)
Message: Build asset version error: assets/tests/test_davi/scripts/babybottlecontroller.cs in SourceAssetDB has modification time of '2025-06-18T19:14:53Z' while content on disk has modification time of '2025-06-18T19:16:41Z'
  ERROR: Build asset version error: assets/tests/test_davi/scripts/babybottlecontroller.cs in SourceAssetDB has modification time of '2025-06-18T19:14:53Z' while content on disk has modification time of '2025-06-18T19:16:41Z'
Number of updated asset objects reloaded before import = 0
Number of asset objects unloaded after import = 0
========================================================================
Received Import Request.
  Time since last request: 1.004455 seconds.
  path: Assets/Tests/Test_Davi/Scripts/BabyBottleController.cs
  artifactKey: Guid(e90401e3ed60286c7a4c8dc40b022595) Importer(815301076,1909f56bfc062723c751e8b465ee728b)
Start importing Assets/Tests/Test_Davi/Scripts/BabyBottleController.cs using Guid(e90401e3ed60286c7a4c8dc40b022595) Importer(815301076,1909f56bfc062723c751e8b465ee728b) [PhysX] Initialized MultithreadedTaskDispatcher with 12 workers.
 -> (artifact id: '00000000000000000000000000000000') in 0.000536 seconds
Import Error Code:(4)
Message: Build asset version error: assets/tests/test_davi/scripts/babybottlecontroller.cs in SourceAssetDB has modification time of '2025-06-18T19:14:53Z' while content on disk has modification time of '2025-06-18T19:16:45Z'
  ERROR: Build asset version error: assets/tests/test_davi/scripts/babybottlecontroller.cs in SourceAssetDB has modification time of '2025-06-18T19:14:53Z' while content on disk has modification time of '2025-06-18T19:16:45Z'
Number of updated asset objects reloaded before import = 0
Number of asset objects unloaded after import = 0
========================================================================
Received Import Request.
  Time since last request: 1.003622 seconds.
  path: Assets/Tests/Test_Davi/Scripts/BabyBottleController.cs
  artifactKey: Guid(e90401e3ed60286c7a4c8dc40b022595) Importer(815301076,1909f56bfc062723c751e8b465ee728b)
Start importing Assets/Tests/Test_Davi/Scripts/BabyBottleController.cs using Guid(e90401e3ed60286c7a4c8dc40b022595) Importer(815301076,1909f56bfc062723c751e8b465ee728b) [PhysX] Initialized MultithreadedTaskDispatcher with 12 workers.
 -> (artifact id: '00000000000000000000000000000000') in 0.000351 seconds
Import Error Code:(4)
Message: Build asset version error: assets/tests/test_davi/scripts/babybottlecontroller.cs in SourceAssetDB has modification time of '2025-06-18T19:14:53Z' while content on disk has modification time of '2025-06-18T19:16:47Z'
  ERROR: Build asset version error: assets/tests/test_davi/scripts/babybottlecontroller.cs in SourceAssetDB has modification time of '2025-06-18T19:14:53Z' while content on disk has modification time of '2025-06-18T19:16:47Z'
Number of updated asset objects reloaded before import = 0
Number of asset objects unloaded after import = 0
========================================================================
Received Import Request.
  Time since last request: 1.003621 seconds.
  path: Assets/Tests/Test_Davi/Scripts/BabyBottleController.cs
  artifactKey: Guid(e90401e3ed60286c7a4c8dc40b022595) Importer(815301076,1909f56bfc062723c751e8b465ee728b)
Start importing Assets/Tests/Test_Davi/Scripts/BabyBottleController.cs using Guid(e90401e3ed60286c7a4c8dc40b022595) Importer(815301076,1909f56bfc062723c751e8b465ee728b) [PhysX] Initialized MultithreadedTaskDispatcher with 12 workers.
 -> (artifact id: '00000000000000000000000000000000') in 0.000499 seconds
Import Error Code:(4)
Message: Build asset version error: assets/tests/test_davi/scripts/babybottlecontroller.cs in SourceAssetDB has modification time of '2025-06-18T19:14:53Z' while content on disk has modification time of '2025-06-18T19:16:47Z'
  ERROR: Build asset version error: assets/tests/test_davi/scripts/babybottlecontroller.cs in SourceAssetDB has modification time of '2025-06-18T19:14:53Z' while content on disk has modification time of '2025-06-18T19:16:47Z'
Number of updated asset objects reloaded before import = 0
Number of asset objects unloaded after import = 0
========================================================================
Received Import Request.
  Time since last request: 1.003976 seconds.
  path: Assets/Tests/Test_Davi/Scripts/BabyBottleController.cs
  artifactKey: Guid(e90401e3ed60286c7a4c8dc40b022595) Importer(815301076,1909f56bfc062723c751e8b465ee728b)
Start importing Assets/Tests/Test_Davi/Scripts/BabyBottleController.cs using Guid(e90401e3ed60286c7a4c8dc40b022595) Importer(815301076,1909f56bfc062723c751e8b465ee728b) [PhysX] Initialized MultithreadedTaskDispatcher with 12 workers.
 -> (artifact id: '00000000000000000000000000000000') in 0.000433 seconds
Import Error Code:(4)
Message: Build asset version error: assets/tests/test_davi/scripts/babybottlecontroller.cs in SourceAssetDB has modification time of '2025-06-18T19:14:53Z' while content on disk has modification time of '2025-06-18T19:16:49Z'
  ERROR: Build asset version error: assets/tests/test_davi/scripts/babybottlecontroller.cs in SourceAssetDB has modification time of '2025-06-18T19:14:53Z' while content on disk has modification time of '2025-06-18T19:16:49Z'
Number of updated asset objects reloaded before import = 0
Number of asset objects unloaded after import = 0
========================================================================
Received Import Request.
  Time since last request: 1.003063 seconds.
  path: Assets/Tests/Test_Davi/Scripts/BabyBottleController.cs
  artifactKey: Guid(e90401e3ed60286c7a4c8dc40b022595) Importer(815301076,1909f56bfc062723c751e8b465ee728b)
Start importing Assets/Tests/Test_Davi/Scripts/BabyBottleController.cs using Guid(e90401e3ed60286c7a4c8dc40b022595) Importer(815301076,1909f56bfc062723c751e8b465ee728b) [PhysX] Initialized MultithreadedTaskDispatcher with 12 workers.
 -> (artifact id: '00000000000000000000000000000000') in 0.000489 seconds
Import Error Code:(4)
Message: Build asset version error: assets/tests/test_davi/scripts/babybottlecontroller.cs in SourceAssetDB has modification time of '2025-06-18T19:14:53Z' while content on disk has modification time of '2025-06-18T19:16:49Z'
  ERROR: Build asset version error: assets/tests/test_davi/scripts/babybottlecontroller.cs in SourceAssetDB has modification time of '2025-06-18T19:14:53Z' while content on disk has modification time of '2025-06-18T19:16:49Z'
Number of updated asset objects reloaded before import = 0
Number of asset objects unloaded after import = 0
========================================================================
Received Import Request.
  Time since last request: 1.003973 seconds.
  path: Assets/Tests/Test_Davi/Scripts/BabyBottleController.cs
  artifactKey: Guid(e90401e3ed60286c7a4c8dc40b022595) Importer(815301076,1909f56bfc062723c751e8b465ee728b)
Start importing Assets/Tests/Test_Davi/Scripts/BabyBottleController.cs using Guid(e90401e3ed60286c7a4c8dc40b022595) Importer(815301076,1909f56bfc062723c751e8b465ee728b) [PhysX] Initialized MultithreadedTaskDispatcher with 12 workers.
 -> (artifact id: '00000000000000000000000000000000') in 0.000509 seconds
Import Error Code:(4)
Message: Build asset version error: assets/tests/test_davi/scripts/babybottlecontroller.cs in SourceAssetDB has modification time of '2025-06-18T19:14:53Z' while content on disk has modification time of '2025-06-18T19:16:51Z'
  ERROR: Build asset version error: assets/tests/test_davi/scripts/babybottlecontroller.cs in SourceAssetDB has modification time of '2025-06-18T19:14:53Z' while content on disk has modification time of '2025-06-18T19:16:51Z'
Number of updated asset objects reloaded before import = 0
Number of asset objects unloaded after import = 0
========================================================================
Received Import Request.
  Time since last request: 1.003096 seconds.
  path: Assets/Tests/Test_Davi/Scripts/BabyBottleController.cs
  artifactKey: Guid(e90401e3ed60286c7a4c8dc40b022595) Importer(815301076,1909f56bfc062723c751e8b465ee728b)
Start importing Assets/Tests/Test_Davi/Scripts/BabyBottleController.cs using Guid(e90401e3ed60286c7a4c8dc40b022595) Importer(815301076,1909f56bfc062723c751e8b465ee728b) [PhysX] Initialized MultithreadedTaskDispatcher with 12 workers.
 -> (artifact id: '00000000000000000000000000000000') in 0.000490 seconds
Import Error Code:(4)
Message: Build asset version error: assets/tests/test_davi/scripts/babybottlecontroller.cs in SourceAssetDB has modification time of '2025-06-18T19:14:53Z' while content on disk has modification time of '2025-06-18T19:16:51Z'
  ERROR: Build asset version error: assets/tests/test_davi/scripts/babybottlecontroller.cs in SourceAssetDB has modification time of '2025-06-18T19:14:53Z' while content on disk has modification time of '2025-06-18T19:16:51Z'
Number of updated asset objects reloaded before import = 0
Number of asset objects unloaded after import = 0
========================================================================
Received Import Request.
  Time since last request: 1.002741 seconds.
  path: Assets/Tests/Test_Davi/Scripts/BabyBottleController.cs
  artifactKey: Guid(e90401e3ed60286c7a4c8dc40b022595) Importer(815301076,1909f56bfc062723c751e8b465ee728b)
Start importing Assets/Tests/Test_Davi/Scripts/BabyBottleController.cs using Guid(e90401e3ed60286c7a4c8dc40b022595) Importer(815301076,1909f56bfc062723c751e8b465ee728b) [PhysX] Initialized MultithreadedTaskDispatcher with 12 workers.
 -> (artifact id: '00000000000000000000000000000000') in 0.000563 seconds
Import Error Code:(4)
Message: Build asset version error: assets/tests/test_davi/scripts/babybottlecontroller.cs in SourceAssetDB has modification time of '2025-06-18T19:14:53Z' while content on disk has modification time of '2025-06-18T19:16:51Z'
  ERROR: Build asset version error: assets/tests/test_davi/scripts/babybottlecontroller.cs in SourceAssetDB has modification time of '2025-06-18T19:14:53Z' while content on disk has modification time of '2025-06-18T19:16:51Z'
Number of updated asset objects reloaded before import = 0
Number of asset objects unloaded after import = 0
========================================================================
Received Import Request.
  Time since last request: 1.003929 seconds.
  path: Assets/Tests/Test_Davi/Scripts/BabyBottleController.cs
  artifactKey: Guid(e90401e3ed60286c7a4c8dc40b022595) Importer(815301076,1909f56bfc062723c751e8b465ee728b)
Start importing Assets/Tests/Test_Davi/Scripts/BabyBottleController.cs using Guid(e90401e3ed60286c7a4c8dc40b022595) Importer(815301076,1909f56bfc062723c751e8b465ee728b) [PhysX] Initialized MultithreadedTaskDispatcher with 12 workers.
 -> (artifact id: '00000000000000000000000000000000') in 0.000438 seconds
Import Error Code:(4)
Message: Build asset version error: assets/tests/test_davi/scripts/babybottlecontroller.cs in SourceAssetDB has modification time of '2025-06-18T19:14:53Z' while content on disk has modification time of '2025-06-18T19:16:51Z'
  ERROR: Build asset version error: assets/tests/test_davi/scripts/babybottlecontroller.cs in SourceAssetDB has modification time of '2025-06-18T19:14:53Z' while content on disk has modification time of '2025-06-18T19:16:51Z'
Number of updated asset objects reloaded before import = 0
Number of asset objects unloaded after import = 0
========================================================================
Received Import Request.
  Time since last request: 1.003149 seconds.
  path: Assets/Tests/Test_Davi/Scripts/BabyBottleController.cs
  artifactKey: Guid(e90401e3ed60286c7a4c8dc40b022595) Importer(815301076,1909f56bfc062723c751e8b465ee728b)
Start importing Assets/Tests/Test_Davi/Scripts/BabyBottleController.cs using Guid(e90401e3ed60286c7a4c8dc40b022595) Importer(815301076,1909f56bfc062723c751e8b465ee728b) [PhysX] Initialized MultithreadedTaskDispatcher with 12 workers.
 -> (artifact id: '00000000000000000000000000000000') in 0.000470 seconds
Import Error Code:(4)
Message: Build asset version error: assets/tests/test_davi/scripts/babybottlecontroller.cs in SourceAssetDB has modification time of '2025-06-18T19:14:53Z' while content on disk has modification time of '2025-06-18T19:16:51Z'
  ERROR: Build asset version error: assets/tests/test_davi/scripts/babybottlecontroller.cs in SourceAssetDB has modification time of '2025-06-18T19:14:53Z' while content on disk has modification time of '2025-06-18T19:16:51Z'
Number of updated asset objects reloaded before import = 0
Number of asset objects unloaded after import = 0
========================================================================
Received Import Request.
  Time since last request: 1.004324 seconds.
  path: Assets/Tests/Test_Davi/Scripts/BabyBottleController.cs
  artifactKey: Guid(e90401e3ed60286c7a4c8dc40b022595) Importer(815301076,1909f56bfc062723c751e8b465ee728b)
Start importing Assets/Tests/Test_Davi/Scripts/BabyBottleController.cs using Guid(e90401e3ed60286c7a4c8dc40b022595) Importer(815301076,1909f56bfc062723c751e8b465ee728b) [PhysX] Initialized MultithreadedTaskDispatcher with 12 workers.
 -> (artifact id: '00000000000000000000000000000000') in 0.000693 seconds
Import Error Code:(4)
Message: Build asset version error: assets/tests/test_davi/scripts/babybottlecontroller.cs in SourceAssetDB has modification time of '2025-06-18T19:14:53Z' while content on disk has modification time of '2025-06-18T19:16:51Z'
  ERROR: Build asset version error: assets/tests/test_davi/scripts/babybottlecontroller.cs in SourceAssetDB has modification time of '2025-06-18T19:14:53Z' while content on disk has modification time of '2025-06-18T19:16:51Z'
Number of updated asset objects reloaded before import = 0
Number of asset objects unloaded after import = 0
========================================================================
Received Import Request.
  Time since last request: 1.004125 seconds.
  path: Assets/Tests/Test_Davi/Scripts/BabyBottleController.cs
  artifactKey: Guid(e90401e3ed60286c7a4c8dc40b022595) Importer(815301076,1909f56bfc062723c751e8b465ee728b)
Start importing Assets/Tests/Test_Davi/Scripts/BabyBottleController.cs using Guid(e90401e3ed60286c7a4c8dc40b022595) Importer(815301076,1909f56bfc062723c751e8b465ee728b) [PhysX] Initialized MultithreadedTaskDispatcher with 12 workers.
 -> (artifact id: '00000000000000000000000000000000') in 0.000458 seconds
Import Error Code:(4)
Message: Build asset version error: assets/tests/test_davi/scripts/babybottlecontroller.cs in SourceAssetDB has modification time of '2025-06-18T19:14:53Z' while content on disk has modification time of '2025-06-18T19:16:51Z'
  ERROR: Build asset version error: assets/tests/test_davi/scripts/babybottlecontroller.cs in SourceAssetDB has modification time of '2025-06-18T19:14:53Z' while content on disk has modification time of '2025-06-18T19:16:51Z'
Number of updated asset objects reloaded before import = 0
Number of asset objects unloaded after import = 0
========================================================================
Received Import Request.
  Time since last request: 1.002950 seconds.
  path: Assets/Tests/Test_Davi/Scripts/BabyBottleController.cs
  artifactKey: Guid(e90401e3ed60286c7a4c8dc40b022595) Importer(815301076,1909f56bfc062723c751e8b465ee728b)
Start importing Assets/Tests/Test_Davi/Scripts/BabyBottleController.cs using Guid(e90401e3ed60286c7a4c8dc40b022595) Importer(815301076,1909f56bfc062723c751e8b465ee728b) [PhysX] Initialized MultithreadedTaskDispatcher with 12 workers.
 -> (artifact id: '00000000000000000000000000000000') in 0.000494 seconds
Import Error Code:(4)
Message: Build asset version error: assets/tests/test_davi/scripts/babybottlecontroller.cs in SourceAssetDB has modification time of '2025-06-18T19:14:53Z' while content on disk has modification time of '2025-06-18T19:16:51Z'
  ERROR: Build asset version error: assets/tests/test_davi/scripts/babybottlecontroller.cs in SourceAssetDB has modification time of '2025-06-18T19:14:53Z' while content on disk has modification time of '2025-06-18T19:16:51Z'
Number of updated asset objects reloaded before import = 0
Number of asset objects unloaded after import = 0
========================================================================
Received Import Request.
  Time since last request: 1.004479 seconds.
  path: Assets/Tests/Test_Davi/Scripts/BabyBottleController.cs
  artifactKey: Guid(e90401e3ed60286c7a4c8dc40b022595) Importer(815301076,1909f56bfc062723c751e8b465ee728b)
Start importing Assets/Tests/Test_Davi/Scripts/BabyBottleController.cs using Guid(e90401e3ed60286c7a4c8dc40b022595) Importer(815301076,1909f56bfc062723c751e8b465ee728b) [PhysX] Initialized MultithreadedTaskDispatcher with 12 workers.
 -> (artifact id: '00000000000000000000000000000000') in 0.000772 seconds
Import Error Code:(4)
Message: Build asset version error: assets/tests/test_davi/scripts/babybottlecontroller.cs in SourceAssetDB has modification time of '2025-06-18T19:14:53Z' while content on disk has modification time of '2025-06-18T19:16:51Z'
  ERROR: Build asset version error: assets/tests/test_davi/scripts/babybottlecontroller.cs in SourceAssetDB has modification time of '2025-06-18T19:14:53Z' while content on disk has modification time of '2025-06-18T19:16:51Z'
Number of updated asset objects reloaded before import = 0
Number of asset objects unloaded after import = 0
========================================================================
Received Import Request.
  Time since last request: 1.004067 seconds.
  path: Assets/Tests/Test_Davi/Scripts/BabyBottleController.cs
  artifactKey: Guid(e90401e3ed60286c7a4c8dc40b022595) Importer(815301076,1909f56bfc062723c751e8b465ee728b)
Start importing Assets/Tests/Test_Davi/Scripts/BabyBottleController.cs using Guid(e90401e3ed60286c7a4c8dc40b022595) Importer(815301076,1909f56bfc062723c751e8b465ee728b) [PhysX] Initialized MultithreadedTaskDispatcher with 12 workers.
 -> (artifact id: '00000000000000000000000000000000') in 0.000491 seconds
Import Error Code:(4)
Message: Build asset version error: assets/tests/test_davi/scripts/babybottlecontroller.cs in SourceAssetDB has modification time of '2025-06-18T19:14:53Z' while content on disk has modification time of '2025-06-18T19:16:51Z'
  ERROR: Build asset version error: assets/tests/test_davi/scripts/babybottlecontroller.cs in SourceAssetDB has modification time of '2025-06-18T19:14:53Z' while content on disk has modification time of '2025-06-18T19:16:51Z'
Number of updated asset objects reloaded before import = 0
Number of asset objects unloaded after import = 0
========================================================================
Received Import Request.
  Time since last request: 1.003723 seconds.
  path: Assets/Tests/Test_Davi/Scripts/BabyBottleController.cs
  artifactKey: Guid(e90401e3ed60286c7a4c8dc40b022595) Importer(815301076,1909f56bfc062723c751e8b465ee728b)
Start importing Assets/Tests/Test_Davi/Scripts/BabyBottleController.cs using Guid(e90401e3ed60286c7a4c8dc40b022595) Importer(815301076,1909f56bfc062723c751e8b465ee728b) [PhysX] Initialized MultithreadedTaskDispatcher with 12 workers.
 -> (artifact id: '00000000000000000000000000000000') in 0.000412 seconds
Import Error Code:(4)
Message: Build asset version error: assets/tests/test_davi/scripts/babybottlecontroller.cs in SourceAssetDB has modification time of '2025-06-18T19:14:53Z' while content on disk has modification time of '2025-06-18T19:16:51Z'
  ERROR: Build asset version error: assets/tests/test_davi/scripts/babybottlecontroller.cs in SourceAssetDB has modification time of '2025-06-18T19:14:53Z' while content on disk has modification time of '2025-06-18T19:16:51Z'
Number of updated asset objects reloaded before import = 0
Number of asset objects unloaded after import = 0
========================================================================
Received Import Request.
  Time since last request: 1.004424 seconds.
  path: Assets/Tests/Test_Davi/Scripts/BabyBottleController.cs
  artifactKey: Guid(e90401e3ed60286c7a4c8dc40b022595) Importer(815301076,1909f56bfc062723c751e8b465ee728b)
Start importing Assets/Tests/Test_Davi/Scripts/BabyBottleController.cs using Guid(e90401e3ed60286c7a4c8dc40b022595) Importer(815301076,1909f56bfc062723c751e8b465ee728b) [PhysX] Initialized MultithreadedTaskDispatcher with 12 workers.
 -> (artifact id: '00000000000000000000000000000000') in 0.000902 seconds
Import Error Code:(4)
Message: Build asset version error: assets/tests/test_davi/scripts/babybottlecontroller.cs in SourceAssetDB has modification time of '2025-06-18T19:14:53Z' while content on disk has modification time of '2025-06-18T19:16:51Z'
  ERROR: Build asset version error: assets/tests/test_davi/scripts/babybottlecontroller.cs in SourceAssetDB has modification time of '2025-06-18T19:14:53Z' while content on disk has modification time of '2025-06-18T19:16:51Z'
Number of updated asset objects reloaded before import = 0
Number of asset objects unloaded after import = 0
========================================================================
Received Import Request.
  Time since last request: 1.004187 seconds.
  path: Assets/Tests/Test_Davi/Scripts/BabyBottleController.cs
  artifactKey: Guid(e90401e3ed60286c7a4c8dc40b022595) Importer(815301076,1909f56bfc062723c751e8b465ee728b)
Start importing Assets/Tests/Test_Davi/Scripts/BabyBottleController.cs using Guid(e90401e3ed60286c7a4c8dc40b022595) Importer(815301076,1909f56bfc062723c751e8b465ee728b) [PhysX] Initialized MultithreadedTaskDispatcher with 12 workers.
 -> (artifact id: '00000000000000000000000000000000') in 0.000451 seconds
Import Error Code:(4)
Message: Build asset version error: assets/tests/test_davi/scripts/babybottlecontroller.cs in SourceAssetDB has modification time of '2025-06-18T19:14:53Z' while content on disk has modification time of '2025-06-18T19:16:51Z'
  ERROR: Build asset version error: assets/tests/test_davi/scripts/babybottlecontroller.cs in SourceAssetDB has modification time of '2025-06-18T19:14:53Z' while content on disk has modification time of '2025-06-18T19:16:51Z'
Number of updated asset objects reloaded before import = 0
Number of asset objects unloaded after import = 0
========================================================================
Received Import Request.
  Time since last request: 1.003660 seconds.
  path: Assets/Tests/Test_Davi/Scripts/BabyBottleController.cs
  artifactKey: Guid(e90401e3ed60286c7a4c8dc40b022595) Importer(815301076,1909f56bfc062723c751e8b465ee728b)
Start importing Assets/Tests/Test_Davi/Scripts/BabyBottleController.cs using Guid(e90401e3ed60286c7a4c8dc40b022595) Importer(815301076,1909f56bfc062723c751e8b465ee728b) [PhysX] Initialized MultithreadedTaskDispatcher with 12 workers.
 -> (artifact id: '00000000000000000000000000000000') in 0.000688 seconds
Import Error Code:(4)
Message: Build asset version error: assets/tests/test_davi/scripts/babybottlecontroller.cs in SourceAssetDB has modification time of '2025-06-18T19:14:53Z' while content on disk has modification time of '2025-06-18T19:16:51Z'
  ERROR: Build asset version error: assets/tests/test_davi/scripts/babybottlecontroller.cs in SourceAssetDB has modification time of '2025-06-18T19:14:53Z' while content on disk has modification time of '2025-06-18T19:16:51Z'
Number of updated asset objects reloaded before import = 0
Number of asset objects unloaded after import = 0
========================================================================
Received Import Request.
  Time since last request: 1.003148 seconds.
  path: Assets/Tests/Test_Davi/Scripts/BabyBottleController.cs
  artifactKey: Guid(e90401e3ed60286c7a4c8dc40b022595) Importer(815301076,1909f56bfc062723c751e8b465ee728b)
Start importing Assets/Tests/Test_Davi/Scripts/BabyBottleController.cs using Guid(e90401e3ed60286c7a4c8dc40b022595) Importer(815301076,1909f56bfc062723c751e8b465ee728b) [PhysX] Initialized MultithreadedTaskDispatcher with 12 workers.
 -> (artifact id: '00000000000000000000000000000000') in 0.000430 seconds
Import Error Code:(4)
Message: Build asset version error: assets/tests/test_davi/scripts/babybottlecontroller.cs in SourceAssetDB has modification time of '2025-06-18T19:14:53Z' while content on disk has modification time of '2025-06-18T19:16:51Z'
  ERROR: Build asset version error: assets/tests/test_davi/scripts/babybottlecontroller.cs in SourceAssetDB has modification time of '2025-06-18T19:14:53Z' while content on disk has modification time of '2025-06-18T19:16:51Z'
Number of updated asset objects reloaded before import = 0
Number of asset objects unloaded after import = 0
========================================================================
Received Import Request.
  Time since last request: 1.004377 seconds.
  path: Assets/Tests/Test_Davi/Scripts/BabyBottleController.cs
  artifactKey: Guid(e90401e3ed60286c7a4c8dc40b022595) Importer(815301076,1909f56bfc062723c751e8b465ee728b)
Start importing Assets/Tests/Test_Davi/Scripts/BabyBottleController.cs using Guid(e90401e3ed60286c7a4c8dc40b022595) Importer(815301076,1909f56bfc062723c751e8b465ee728b) [PhysX] Initialized MultithreadedTaskDispatcher with 12 workers.
 -> (artifact id: '00000000000000000000000000000000') in 0.000510 seconds
Import Error Code:(4)
Message: Build asset version error: assets/tests/test_davi/scripts/babybottlecontroller.cs in SourceAssetDB has modification time of '2025-06-18T19:14:53Z' while content on disk has modification time of '2025-06-18T19:17:06Z'
  ERROR: Build asset version error: assets/tests/test_davi/scripts/babybottlecontroller.cs in SourceAssetDB has modification time of '2025-06-18T19:14:53Z' while content on disk has modification time of '2025-06-18T19:17:06Z'
Number of updated asset objects reloaded before import = 0
Number of asset objects unloaded after import = 0
========================================================================
Received Import Request.
  Time since last request: 1.005238 seconds.
  path: Assets/Tests/Test_Davi/Scripts/BabyBottleController.cs
  artifactKey: Guid(e90401e3ed60286c7a4c8dc40b022595) Importer(815301076,1909f56bfc062723c751e8b465ee728b)
Start importing Assets/Tests/Test_Davi/Scripts/BabyBottleController.cs using Guid(e90401e3ed60286c7a4c8dc40b022595) Importer(815301076,1909f56bfc062723c751e8b465ee728b) [PhysX] Initialized MultithreadedTaskDispatcher with 12 workers.
 -> (artifact id: '00000000000000000000000000000000') in 0.000748 seconds
Import Error Code:(4)
Message: Build asset version error: assets/tests/test_davi/scripts/babybottlecontroller.cs in SourceAssetDB has modification time of '2025-06-18T19:14:53Z' while content on disk has modification time of '2025-06-18T19:17:06Z'
  ERROR: Build asset version error: assets/tests/test_davi/scripts/babybottlecontroller.cs in SourceAssetDB has modification time of '2025-06-18T19:14:53Z' while content on disk has modification time of '2025-06-18T19:17:06Z'
Number of updated asset objects reloaded before import = 0
Number of asset objects unloaded after import = 0
========================================================================
Received Import Request.
  Time since last request: 1.005496 seconds.
  path: Assets/Tests/Test_Davi/Scripts/BabyBottleController.cs
  artifactKey: Guid(e90401e3ed60286c7a4c8dc40b022595) Importer(815301076,1909f56bfc062723c751e8b465ee728b)
Start importing Assets/Tests/Test_Davi/Scripts/BabyBottleController.cs using Guid(e90401e3ed60286c7a4c8dc40b022595) Importer(815301076,1909f56bfc062723c751e8b465ee728b) [PhysX] Initialized MultithreadedTaskDispatcher with 12 workers.
 -> (artifact id: '00000000000000000000000000000000') in 0.000431 seconds
Import Error Code:(4)
Message: Build asset version error: assets/tests/test_davi/scripts/babybottlecontroller.cs in SourceAssetDB has modification time of '2025-06-18T19:14:53Z' while content on disk has modification time of '2025-06-18T19:17:06Z'
  ERROR: Build asset version error: assets/tests/test_davi/scripts/babybottlecontroller.cs in SourceAssetDB has modification time of '2025-06-18T19:14:53Z' while content on disk has modification time of '2025-06-18T19:17:06Z'
Number of updated asset objects reloaded before import = 0
Number of asset objects unloaded after import = 0
========================================================================
Received Import Request.
  Time since last request: 1.004308 seconds.
  path: Assets/Tests/Test_Davi/Scripts/BabyBottleController.cs
  artifactKey: Guid(e90401e3ed60286c7a4c8dc40b022595) Importer(815301076,1909f56bfc062723c751e8b465ee728b)
Start importing Assets/Tests/Test_Davi/Scripts/BabyBottleController.cs using Guid(e90401e3ed60286c7a4c8dc40b022595) Importer(815301076,1909f56bfc062723c751e8b465ee728b) [PhysX] Initialized MultithreadedTaskDispatcher with 12 workers.
 -> (artifact id: '00000000000000000000000000000000') in 0.000476 seconds
Import Error Code:(4)
Message: Build asset version error: assets/tests/test_davi/scripts/babybottlecontroller.cs in SourceAssetDB has modification time of '2025-06-18T19:14:53Z' while content on disk has modification time of '2025-06-18T19:17:06Z'
  ERROR: Build asset version error: assets/tests/test_davi/scripts/babybottlecontroller.cs in SourceAssetDB has modification time of '2025-06-18T19:14:53Z' while content on disk has modification time of '2025-06-18T19:17:06Z'
Number of updated asset objects reloaded before import = 0
Number of asset objects unloaded after import = 0
========================================================================
Received Import Request.
  Time since last request: 1.003576 seconds.
  path: Assets/Tests/Test_Davi/Scripts/BabyBottleController.cs
  artifactKey: Guid(e90401e3ed60286c7a4c8dc40b022595) Importer(815301076,1909f56bfc062723c751e8b465ee728b)
Start importing Assets/Tests/Test_Davi/Scripts/BabyBottleController.cs using Guid(e90401e3ed60286c7a4c8dc40b022595) Importer(815301076,1909f56bfc062723c751e8b465ee728b) [PhysX] Initialized MultithreadedTaskDispatcher with 12 workers.
 -> (artifact id: '00000000000000000000000000000000') in 0.000573 seconds
Import Error Code:(4)
Message: Build asset version error: assets/tests/test_davi/scripts/babybottlecontroller.cs in SourceAssetDB has modification time of '2025-06-18T19:14:53Z' while content on disk has modification time of '2025-06-18T19:17:06Z'
  ERROR: Build asset version error: assets/tests/test_davi/scripts/babybottlecontroller.cs in SourceAssetDB has modification time of '2025-06-18T19:14:53Z' while content on disk has modification time of '2025-06-18T19:17:06Z'
Number of updated asset objects reloaded before import = 0
Number of asset objects unloaded after import = 0
========================================================================
Received Import Request.
  Time since last request: 1.004022 seconds.
  path: Assets/Tests/Test_Davi/Scripts/BabyBottleController.cs
  artifactKey: Guid(e90401e3ed60286c7a4c8dc40b022595) Importer(815301076,1909f56bfc062723c751e8b465ee728b)
Start importing Assets/Tests/Test_Davi/Scripts/BabyBottleController.cs using Guid(e90401e3ed60286c7a4c8dc40b022595) Importer(815301076,1909f56bfc062723c751e8b465ee728b) [PhysX] Initialized MultithreadedTaskDispatcher with 12 workers.
 -> (artifact id: '00000000000000000000000000000000') in 0.000440 seconds
Import Error Code:(4)
Message: Build asset version error: assets/tests/test_davi/scripts/babybottlecontroller.cs in SourceAssetDB has modification time of '2025-06-18T19:14:53Z' while content on disk has modification time of '2025-06-18T19:17:06Z'
  ERROR: Build asset version error: assets/tests/test_davi/scripts/babybottlecontroller.cs in SourceAssetDB has modification time of '2025-06-18T19:14:53Z' while content on disk has modification time of '2025-06-18T19:17:06Z'
Number of updated asset objects reloaded before import = 0
Number of asset objects unloaded after import = 0
========================================================================
Received Import Request.
  Time since last request: 1.002930 seconds.
  path: Assets/Tests/Test_Davi/Scripts/BabyBottleController.cs
  artifactKey: Guid(e90401e3ed60286c7a4c8dc40b022595) Importer(815301076,1909f56bfc062723c751e8b465ee728b)
Start importing Assets/Tests/Test_Davi/Scripts/BabyBottleController.cs using Guid(e90401e3ed60286c7a4c8dc40b022595) Importer(815301076,1909f56bfc062723c751e8b465ee728b) [PhysX] Initialized MultithreadedTaskDispatcher with 12 workers.
 -> (artifact id: '00000000000000000000000000000000') in 0.000439 seconds
Import Error Code:(4)
Message: Build asset version error: assets/tests/test_davi/scripts/babybottlecontroller.cs in SourceAssetDB has modification time of '2025-06-18T19:14:53Z' while content on disk has modification time of '2025-06-18T19:17:12Z'
  ERROR: Build asset version error: assets/tests/test_davi/scripts/babybottlecontroller.cs in SourceAssetDB has modification time of '2025-06-18T19:14:53Z' while content on disk has modification time of '2025-06-18T19:17:12Z'
Number of updated asset objects reloaded before import = 0
Number of asset objects unloaded after import = 0
========================================================================
Received Import Request.
  Time since last request: 1.004745 seconds.
  path: Assets/Tests/Test_Davi/Scripts/BabyBottleController.cs
  artifactKey: Guid(e90401e3ed60286c7a4c8dc40b022595) Importer(815301076,1909f56bfc062723c751e8b465ee728b)
Start importing Assets/Tests/Test_Davi/Scripts/BabyBottleController.cs using Guid(e90401e3ed60286c7a4c8dc40b022595) Importer(815301076,1909f56bfc062723c751e8b465ee728b) [PhysX] Initialized MultithreadedTaskDispatcher with 12 workers.
 -> (artifact id: '00000000000000000000000000000000') in 0.000529 seconds
Import Error Code:(4)
Message: Build asset version error: assets/tests/test_davi/scripts/babybottlecontroller.cs in SourceAssetDB has modification time of '2025-06-18T19:14:53Z' while content on disk has modification time of '2025-06-18T19:17:12Z'
  ERROR: Build asset version error: assets/tests/test_davi/scripts/babybottlecontroller.cs in SourceAssetDB has modification time of '2025-06-18T19:14:53Z' while content on disk has modification time of '2025-06-18T19:17:12Z'
Number of updated asset objects reloaded before import = 0
Number of asset objects unloaded after import = 0
========================================================================
Received Import Request.
  Time since last request: 1.003759 seconds.
  path: Assets/Tests/Test_Davi/Scripts/BabyBottleController.cs
  artifactKey: Guid(e90401e3ed60286c7a4c8dc40b022595) Importer(815301076,1909f56bfc062723c751e8b465ee728b)
Start importing Assets/Tests/Test_Davi/Scripts/BabyBottleController.cs using Guid(e90401e3ed60286c7a4c8dc40b022595) Importer(815301076,1909f56bfc062723c751e8b465ee728b) [PhysX] Initialized MultithreadedTaskDispatcher with 12 workers.
 -> (artifact id: '00000000000000000000000000000000') in 0.000443 seconds
Import Error Code:(4)
Message: Build asset version error: assets/tests/test_davi/scripts/babybottlecontroller.cs in SourceAssetDB has modification time of '2025-06-18T19:14:53Z' while content on disk has modification time of '2025-06-18T19:17:12Z'
  ERROR: Build asset version error: assets/tests/test_davi/scripts/babybottlecontroller.cs in SourceAssetDB has modification time of '2025-06-18T19:14:53Z' while content on disk has modification time of '2025-06-18T19:17:12Z'
Number of updated asset objects reloaded before import = 0
Number of asset objects unloaded after import = 0
========================================================================
Received Import Request.
  Time since last request: 1.004580 seconds.
  path: Assets/Tests/Test_Davi/Scripts/BabyBottleController.cs
  artifactKey: Guid(e90401e3ed60286c7a4c8dc40b022595) Importer(815301076,1909f56bfc062723c751e8b465ee728b)
Start importing Assets/Tests/Test_Davi/Scripts/BabyBottleController.cs using Guid(e90401e3ed60286c7a4c8dc40b022595) Importer(815301076,1909f56bfc062723c751e8b465ee728b) [PhysX] Initialized MultithreadedTaskDispatcher with 12 workers.
 -> (artifact id: '00000000000000000000000000000000') in 0.000575 seconds
Import Error Code:(4)
Message: Build asset version error: assets/tests/test_davi/scripts/babybottlecontroller.cs in SourceAssetDB has modification time of '2025-06-18T19:14:53Z' while content on disk has modification time of '2025-06-18T19:17:12Z'
  ERROR: Build asset version error: assets/tests/test_davi/scripts/babybottlecontroller.cs in SourceAssetDB has modification time of '2025-06-18T19:14:53Z' while content on disk has modification time of '2025-06-18T19:17:12Z'
Number of updated asset objects reloaded before import = 0
Number of asset objects unloaded after import = 0
========================================================================
Received Import Request.
  Time since last request: 1.004212 seconds.
  path: Assets/Tests/Test_Davi/Scripts/BabyBottleController.cs
  artifactKey: Guid(e90401e3ed60286c7a4c8dc40b022595) Importer(815301076,1909f56bfc062723c751e8b465ee728b)
Start importing Assets/Tests/Test_Davi/Scripts/BabyBottleController.cs using Guid(e90401e3ed60286c7a4c8dc40b022595) Importer(815301076,1909f56bfc062723c751e8b465ee728b) [PhysX] Initialized MultithreadedTaskDispatcher with 12 workers.
 -> (artifact id: '00000000000000000000000000000000') in 0.000681 seconds
Import Error Code:(4)
Message: Build asset version error: assets/tests/test_davi/scripts/babybottlecontroller.cs in SourceAssetDB has modification time of '2025-06-18T19:14:53Z' while content on disk has modification time of '2025-06-18T19:17:16Z'
  ERROR: Build asset version error: assets/tests/test_davi/scripts/babybottlecontroller.cs in SourceAssetDB has modification time of '2025-06-18T19:14:53Z' while content on disk has modification time of '2025-06-18T19:17:16Z'
Number of updated asset objects reloaded before import = 0
Number of asset objects unloaded after import = 0
========================================================================
Received Import Request.
  Time since last request: 1.004115 seconds.
  path: Assets/Tests/Test_Davi/Scripts/BabyBottleController.cs
  artifactKey: Guid(e90401e3ed60286c7a4c8dc40b022595) Importer(815301076,1909f56bfc062723c751e8b465ee728b)
Start importing Assets/Tests/Test_Davi/Scripts/BabyBottleController.cs using Guid(e90401e3ed60286c7a4c8dc40b022595) Importer(815301076,1909f56bfc062723c751e8b465ee728b) [PhysX] Initialized MultithreadedTaskDispatcher with 12 workers.
 -> (artifact id: '00000000000000000000000000000000') in 0.000499 seconds
Import Error Code:(4)
Message: Build asset version error: assets/tests/test_davi/scripts/babybottlecontroller.cs in SourceAssetDB has modification time of '2025-06-18T19:14:53Z' while content on disk has modification time of '2025-06-18T19:17:16Z'
  ERROR: Build asset version error: assets/tests/test_davi/scripts/babybottlecontroller.cs in SourceAssetDB has modification time of '2025-06-18T19:14:53Z' while content on disk has modification time of '2025-06-18T19:17:16Z'
Number of updated asset objects reloaded before import = 0
Number of asset objects unloaded after import = 0
========================================================================
Received Import Request.
  Time since last request: 1.004385 seconds.
  path: Assets/Tests/Test_Davi/Scripts/BabyBottleController.cs
  artifactKey: Guid(e90401e3ed60286c7a4c8dc40b022595) Importer(815301076,1909f56bfc062723c751e8b465ee728b)
Start importing Assets/Tests/Test_Davi/Scripts/BabyBottleController.cs using Guid(e90401e3ed60286c7a4c8dc40b022595) Importer(815301076,1909f56bfc062723c751e8b465ee728b) [PhysX] Initialized MultithreadedTaskDispatcher with 12 workers.
 -> (artifact id: '00000000000000000000000000000000') in 0.000448 seconds
Import Error Code:(4)
Message: Build asset version error: assets/tests/test_davi/scripts/babybottlecontroller.cs in SourceAssetDB has modification time of '2025-06-18T19:14:53Z' while content on disk has modification time of '2025-06-18T19:17:16Z'
  ERROR: Build asset version error: assets/tests/test_davi/scripts/babybottlecontroller.cs in SourceAssetDB has modification time of '2025-06-18T19:14:53Z' while content on disk has modification time of '2025-06-18T19:17:16Z'
Number of updated asset objects reloaded before import = 0
Number of asset objects unloaded after import = 0
========================================================================
Received Import Request.
  Time since last request: 1.010317 seconds.
  path: Assets/Tests/Test_Davi/Scripts/BabyBottleController.cs
  artifactKey: Guid(e90401e3ed60286c7a4c8dc40b022595) Importer(815301076,1909f56bfc062723c751e8b465ee728b)
Start importing Assets/Tests/Test_Davi/Scripts/BabyBottleController.cs using Guid(e90401e3ed60286c7a4c8dc40b022595) Importer(815301076,1909f56bfc062723c751e8b465ee728b) [PhysX] Initialized MultithreadedTaskDispatcher with 12 workers.
 -> (artifact id: '00000000000000000000000000000000') in 0.000457 seconds
Import Error Code:(4)
Message: Build asset version error: assets/tests/test_davi/scripts/babybottlecontroller.cs in SourceAssetDB has modification time of '2025-06-18T19:14:53Z' while content on disk has modification time of '2025-06-18T19:17:16Z'
  ERROR: Build asset version error: assets/tests/test_davi/scripts/babybottlecontroller.cs in SourceAssetDB has modification time of '2025-06-18T19:14:53Z' while content on disk has modification time of '2025-06-18T19:17:16Z'
Number of updated asset objects reloaded before import = 0
Number of asset objects unloaded after import = 0
========================================================================
Received Import Request.
  Time since last request: 1.003552 seconds.
  path: Assets/Tests/Test_Davi/Scripts/BabyBottleController.cs
  artifactKey: Guid(e90401e3ed60286c7a4c8dc40b022595) Importer(815301076,1909f56bfc062723c751e8b465ee728b)
Start importing Assets/Tests/Test_Davi/Scripts/BabyBottleController.cs using Guid(e90401e3ed60286c7a4c8dc40b022595) Importer(815301076,1909f56bfc062723c751e8b465ee728b) [PhysX] Initialized MultithreadedTaskDispatcher with 12 workers.
 -> (artifact id: '00000000000000000000000000000000') in 0.000455 seconds
Import Error Code:(4)
Message: Build asset version error: assets/tests/test_davi/scripts/babybottlecontroller.cs in SourceAssetDB has modification time of '2025-06-18T19:14:53Z' while content on disk has modification time of '2025-06-18T19:17:16Z'
  ERROR: Build asset version error: assets/tests/test_davi/scripts/babybottlecontroller.cs in SourceAssetDB has modification time of '2025-06-18T19:14:53Z' while content on disk has modification time of '2025-06-18T19:17:16Z'
Number of updated asset objects reloaded before import = 0
Number of asset objects unloaded after import = 0
========================================================================
Received Import Request.
  Time since last request: 1.003360 seconds.
  path: Assets/Tests/Test_Davi/Scripts/BabyBottleController.cs
  artifactKey: Guid(e90401e3ed60286c7a4c8dc40b022595) Importer(815301076,1909f56bfc062723c751e8b465ee728b)
Start importing Assets/Tests/Test_Davi/Scripts/BabyBottleController.cs using Guid(e90401e3ed60286c7a4c8dc40b022595) Importer(815301076,1909f56bfc062723c751e8b465ee728b) [PhysX] Initialized MultithreadedTaskDispatcher with 12 workers.
 -> (artifact id: '00000000000000000000000000000000') in 0.000810 seconds
Import Error Code:(4)
Message: Build asset version error: assets/tests/test_davi/scripts/babybottlecontroller.cs in SourceAssetDB has modification time of '2025-06-18T19:14:53Z' while content on disk has modification time of '2025-06-18T19:17:16Z'
  ERROR: Build asset version error: assets/tests/test_davi/scripts/babybottlecontroller.cs in SourceAssetDB has modification time of '2025-06-18T19:14:53Z' while content on disk has modification time of '2025-06-18T19:17:16Z'
Number of updated asset objects reloaded before import = 0
Number of asset objects unloaded after import = 0
========================================================================
Received Import Request.
  Time since last request: 1.004250 seconds.
  path: Assets/Tests/Test_Davi/Scripts/BabyBottleController.cs
  artifactKey: Guid(e90401e3ed60286c7a4c8dc40b022595) Importer(815301076,1909f56bfc062723c751e8b465ee728b)
Start importing Assets/Tests/Test_Davi/Scripts/BabyBottleController.cs using Guid(e90401e3ed60286c7a4c8dc40b022595) Importer(815301076,1909f56bfc062723c751e8b465ee728b) [PhysX] Initialized MultithreadedTaskDispatcher with 12 workers.
 -> (artifact id: '00000000000000000000000000000000') in 0.000461 seconds
Import Error Code:(4)
Message: Build asset version error: assets/tests/test_davi/scripts/babybottlecontroller.cs in SourceAssetDB has modification time of '2025-06-18T19:14:53Z' while content on disk has modification time of '2025-06-18T19:17:16Z'
  ERROR: Build asset version error: assets/tests/test_davi/scripts/babybottlecontroller.cs in SourceAssetDB has modification time of '2025-06-18T19:14:53Z' while content on disk has modification time of '2025-06-18T19:17:16Z'
Number of updated asset objects reloaded before import = 0
Number of asset objects unloaded after import = 0
========================================================================
Received Import Request.
  Time since last request: 1.002944 seconds.
  path: Assets/Tests/Test_Davi/Scripts/BabyBottleController.cs
  artifactKey: Guid(e90401e3ed60286c7a4c8dc40b022595) Importer(815301076,1909f56bfc062723c751e8b465ee728b)
Start importing Assets/Tests/Test_Davi/Scripts/BabyBottleController.cs using Guid(e90401e3ed60286c7a4c8dc40b022595) Importer(815301076,1909f56bfc062723c751e8b465ee728b) [PhysX] Initialized MultithreadedTaskDispatcher with 12 workers.
 -> (artifact id: '00000000000000000000000000000000') in 0.000440 seconds
Import Error Code:(4)
Message: Build asset version error: assets/tests/test_davi/scripts/babybottlecontroller.cs in SourceAssetDB has modification time of '2025-06-18T19:14:53Z' while content on disk has modification time of '2025-06-18T19:17:16Z'
  ERROR: Build asset version error: assets/tests/test_davi/scripts/babybottlecontroller.cs in SourceAssetDB has modification time of '2025-06-18T19:14:53Z' while content on disk has modification time of '2025-06-18T19:17:16Z'
Number of updated asset objects reloaded before import = 0
Number of asset objects unloaded after import = 0
========================================================================
Received Import Request.
  Time since last request: 1.003715 seconds.
  path: Assets/Tests/Test_Davi/Scripts/BabyBottleController.cs
  artifactKey: Guid(e90401e3ed60286c7a4c8dc40b022595) Importer(815301076,1909f56bfc062723c751e8b465ee728b)
Start importing Assets/Tests/Test_Davi/Scripts/BabyBottleController.cs using Guid(e90401e3ed60286c7a4c8dc40b022595) Importer(815301076,1909f56bfc062723c751e8b465ee728b) [PhysX] Initialized MultithreadedTaskDispatcher with 12 workers.
 -> (artifact id: '00000000000000000000000000000000') in 0.000817 seconds
Import Error Code:(4)
Message: Build asset version error: assets/tests/test_davi/scripts/babybottlecontroller.cs in SourceAssetDB has modification time of '2025-06-18T19:14:53Z' while content on disk has modification time of '2025-06-18T19:17:16Z'
  ERROR: Build asset version error: assets/tests/test_davi/scripts/babybottlecontroller.cs in SourceAssetDB has modification time of '2025-06-18T19:14:53Z' while content on disk has modification time of '2025-06-18T19:17:16Z'
Number of updated asset objects reloaded before import = 0
Number of asset objects unloaded after import = 0
========================================================================
Received Import Request.
  Time since last request: 1.003302 seconds.
  path: Assets/Tests/Test_Davi/Scripts/BabyBottleController.cs
  artifactKey: Guid(e90401e3ed60286c7a4c8dc40b022595) Importer(815301076,1909f56bfc062723c751e8b465ee728b)
Start importing Assets/Tests/Test_Davi/Scripts/BabyBottleController.cs using Guid(e90401e3ed60286c7a4c8dc40b022595) Importer(815301076,1909f56bfc062723c751e8b465ee728b) [PhysX] Initialized MultithreadedTaskDispatcher with 12 workers.
 -> (artifact id: '00000000000000000000000000000000') in 0.000490 seconds
Import Error Code:(4)
Message: Build asset version error: assets/tests/test_davi/scripts/babybottlecontroller.cs in SourceAssetDB has modification time of '2025-06-18T19:14:53Z' while content on disk has modification time of '2025-06-18T19:17:16Z'
  ERROR: Build asset version error: assets/tests/test_davi/scripts/babybottlecontroller.cs in SourceAssetDB has modification time of '2025-06-18T19:14:53Z' while content on disk has modification time of '2025-06-18T19:17:16Z'
Number of updated asset objects reloaded before import = 0
Number of asset objects unloaded after import = 0
========================================================================
Received Import Request.
  Time since last request: 1.003908 seconds.
  path: Assets/Tests/Test_Davi/Scripts/BabyBottleController.cs
  artifactKey: Guid(e90401e3ed60286c7a4c8dc40b022595) Importer(815301076,1909f56bfc062723c751e8b465ee728b)
Start importing Assets/Tests/Test_Davi/Scripts/BabyBottleController.cs using Guid(e90401e3ed60286c7a4c8dc40b022595) Importer(815301076,1909f56bfc062723c751e8b465ee728b) [PhysX] Initialized MultithreadedTaskDispatcher with 12 workers.
 -> (artifact id: '00000000000000000000000000000000') in 0.000431 seconds
Import Error Code:(4)
Message: Build asset version error: assets/tests/test_davi/scripts/babybottlecontroller.cs in SourceAssetDB has modification time of '2025-06-18T19:14:53Z' while content on disk has modification time of '2025-06-18T19:17:16Z'
  ERROR: Build asset version error: assets/tests/test_davi/scripts/babybottlecontroller.cs in SourceAssetDB has modification time of '2025-06-18T19:14:53Z' while content on disk has modification time of '2025-06-18T19:17:16Z'
Number of updated asset objects reloaded before import = 0
Number of asset objects unloaded after import = 0
========================================================================
Received Import Request.
  Time since last request: 1.006698 seconds.
  path: Assets/Tests/Test_Davi/Scripts/BabyBottleController.cs
  artifactKey: Guid(e90401e3ed60286c7a4c8dc40b022595) Importer(815301076,1909f56bfc062723c751e8b465ee728b)
Start importing Assets/Tests/Test_Davi/Scripts/BabyBottleController.cs using Guid(e90401e3ed60286c7a4c8dc40b022595) Importer(815301076,1909f56bfc062723c751e8b465ee728b) [PhysX] Initialized MultithreadedTaskDispatcher with 12 workers.
 -> (artifact id: '00000000000000000000000000000000') in 0.001046 seconds
Import Error Code:(4)
Message: Build asset version error: assets/tests/test_davi/scripts/babybottlecontroller.cs in SourceAssetDB has modification time of '2025-06-18T19:14:53Z' while content on disk has modification time of '2025-06-18T19:17:16Z'
  ERROR: Build asset version error: assets/tests/test_davi/scripts/babybottlecontroller.cs in SourceAssetDB has modification time of '2025-06-18T19:14:53Z' while content on disk has modification time of '2025-06-18T19:17:16Z'
Number of updated asset objects reloaded before import = 0
Number of asset objects unloaded after import = 0
========================================================================
Received Import Request.
  Time since last request: 1.004653 seconds.
  path: Assets/Tests/Test_Davi/Scripts/BabyBottleController.cs
  artifactKey: Guid(e90401e3ed60286c7a4c8dc40b022595) Importer(815301076,1909f56bfc062723c751e8b465ee728b)
Start importing Assets/Tests/Test_Davi/Scripts/BabyBottleController.cs using Guid(e90401e3ed60286c7a4c8dc40b022595) Importer(815301076,1909f56bfc062723c751e8b465ee728b) [PhysX] Initialized MultithreadedTaskDispatcher with 12 workers.
 -> (artifact id: '00000000000000000000000000000000') in 0.000566 seconds
Import Error Code:(4)
Message: Build asset version error: assets/tests/test_davi/scripts/babybottlecontroller.cs in SourceAssetDB has modification time of '2025-06-18T19:14:53Z' while content on disk has modification time of '2025-06-18T19:17:16Z'
  ERROR: Build asset version error: assets/tests/test_davi/scripts/babybottlecontroller.cs in SourceAssetDB has modification time of '2025-06-18T19:14:53Z' while content on disk has modification time of '2025-06-18T19:17:16Z'
Number of updated asset objects reloaded before import = 0
Number of asset objects unloaded after import = 0
========================================================================
Received Import Request.
  Time since last request: 1.004040 seconds.
  path: Assets/Tests/Test_Davi/Scripts/BabyBottleController.cs
  artifactKey: Guid(e90401e3ed60286c7a4c8dc40b022595) Importer(815301076,1909f56bfc062723c751e8b465ee728b)
Start importing Assets/Tests/Test_Davi/Scripts/BabyBottleController.cs using Guid(e90401e3ed60286c7a4c8dc40b022595) Importer(815301076,1909f56bfc062723c751e8b465ee728b) [PhysX] Initialized MultithreadedTaskDispatcher with 12 workers.
 -> (artifact id: '00000000000000000000000000000000') in 0.000418 seconds
Import Error Code:(4)
Message: Build asset version error: assets/tests/test_davi/scripts/babybottlecontroller.cs in SourceAssetDB has modification time of '2025-06-18T19:14:53Z' while content on disk has modification time of '2025-06-18T19:17:29Z'
  ERROR: Build asset version error: assets/tests/test_davi/scripts/babybottlecontroller.cs in SourceAssetDB has modification time of '2025-06-18T19:14:53Z' while content on disk has modification time of '2025-06-18T19:17:29Z'
Number of updated asset objects reloaded before import = 0
Number of asset objects unloaded after import = 0
========================================================================
Received Import Request.
  Time since last request: 1.003441 seconds.
  path: Assets/Tests/Test_Davi/Scripts/BabyBottleController.cs
  artifactKey: Guid(e90401e3ed60286c7a4c8dc40b022595) Importer(815301076,1909f56bfc062723c751e8b465ee728b)
Start importing Assets/Tests/Test_Davi/Scripts/BabyBottleController.cs using Guid(e90401e3ed60286c7a4c8dc40b022595) Importer(815301076,1909f56bfc062723c751e8b465ee728b) [PhysX] Initialized MultithreadedTaskDispatcher with 12 workers.
 -> (artifact id: '00000000000000000000000000000000') in 0.000448 seconds
Import Error Code:(4)
Message: Build asset version error: assets/tests/test_davi/scripts/babybottlecontroller.cs in SourceAssetDB has modification time of '2025-06-18T19:14:53Z' while content on disk has modification time of '2025-06-18T19:17:29Z'
  ERROR: Build asset version error: assets/tests/test_davi/scripts/babybottlecontroller.cs in SourceAssetDB has modification time of '2025-06-18T19:14:53Z' while content on disk has modification time of '2025-06-18T19:17:29Z'
Number of updated asset objects reloaded before import = 0
Number of asset objects unloaded after import = 0
========================================================================
Received Import Request.
  Time since last request: 1.004021 seconds.
  path: Assets/Tests/Test_Davi/Scripts/BabyBottleController.cs
  artifactKey: Guid(e90401e3ed60286c7a4c8dc40b022595) Importer(815301076,1909f56bfc062723c751e8b465ee728b)
Start importing Assets/Tests/Test_Davi/Scripts/BabyBottleController.cs using Guid(e90401e3ed60286c7a4c8dc40b022595) Importer(815301076,1909f56bfc062723c751e8b465ee728b) [PhysX] Initialized MultithreadedTaskDispatcher with 12 workers.
 -> (artifact id: '00000000000000000000000000000000') in 0.000594 seconds
Import Error Code:(4)
Message: Build asset version error: assets/tests/test_davi/scripts/babybottlecontroller.cs in SourceAssetDB has modification time of '2025-06-18T19:14:53Z' while content on disk has modification time of '2025-06-18T19:17:29Z'
  ERROR: Build asset version error: assets/tests/test_davi/scripts/babybottlecontroller.cs in SourceAssetDB has modification time of '2025-06-18T19:14:53Z' while content on disk has modification time of '2025-06-18T19:17:29Z'
Number of updated asset objects reloaded before import = 0
Number of asset objects unloaded after import = 0
========================================================================
Received Import Request.
  Time since last request: 1.003258 seconds.
  path: Assets/Tests/Test_Davi/Scripts/BabyBottleController.cs
  artifactKey: Guid(e90401e3ed60286c7a4c8dc40b022595) Importer(815301076,1909f56bfc062723c751e8b465ee728b)
Start importing Assets/Tests/Test_Davi/Scripts/BabyBottleController.cs using Guid(e90401e3ed60286c7a4c8dc40b022595) Importer(815301076,1909f56bfc062723c751e8b465ee728b) [PhysX] Initialized MultithreadedTaskDispatcher with 12 workers.
 -> (artifact id: '00000000000000000000000000000000') in 0.000467 seconds
Import Error Code:(4)
Message: Build asset version error: assets/tests/test_davi/scripts/babybottlecontroller.cs in SourceAssetDB has modification time of '2025-06-18T19:14:53Z' while content on disk has modification time of '2025-06-18T19:17:29Z'
  ERROR: Build asset version error: assets/tests/test_davi/scripts/babybottlecontroller.cs in SourceAssetDB has modification time of '2025-06-18T19:14:53Z' while content on disk has modification time of '2025-06-18T19:17:29Z'
Number of updated asset objects reloaded before import = 0
Number of asset objects unloaded after import = 0
========================================================================
Received Import Request.
  Time since last request: 1.003719 seconds.
  path: Assets/Tests/Test_Davi/Scripts/BabyBottleController.cs
  artifactKey: Guid(e90401e3ed60286c7a4c8dc40b022595) Importer(815301076,1909f56bfc062723c751e8b465ee728b)
Start importing Assets/Tests/Test_Davi/Scripts/BabyBottleController.cs using Guid(e90401e3ed60286c7a4c8dc40b022595) Importer(815301076,1909f56bfc062723c751e8b465ee728b) [PhysX] Initialized MultithreadedTaskDispatcher with 12 workers.
 -> (artifact id: '00000000000000000000000000000000') in 0.000447 seconds
Import Error Code:(4)
Message: Build asset version error: assets/tests/test_davi/scripts/babybottlecontroller.cs in SourceAssetDB has modification time of '2025-06-18T19:14:53Z' while content on disk has modification time of '2025-06-18T19:17:33Z'
  ERROR: Build asset version error: assets/tests/test_davi/scripts/babybottlecontroller.cs in SourceAssetDB has modification time of '2025-06-18T19:14:53Z' while content on disk has modification time of '2025-06-18T19:17:33Z'
Number of updated asset objects reloaded before import = 0
Number of asset objects unloaded after import = 0
========================================================================
Received Import Request.
  Time since last request: 1.002494 seconds.
  path: Assets/Tests/Test_Davi/Scripts/BabyBottleController.cs
  artifactKey: Guid(e90401e3ed60286c7a4c8dc40b022595) Importer(815301076,1909f56bfc062723c751e8b465ee728b)
Start importing Assets/Tests/Test_Davi/Scripts/BabyBottleController.cs using Guid(e90401e3ed60286c7a4c8dc40b022595) Importer(815301076,1909f56bfc062723c751e8b465ee728b) [PhysX] Initialized MultithreadedTaskDispatcher with 12 workers.
 -> (artifact id: '00000000000000000000000000000000') in 0.000496 seconds
Import Error Code:(4)
Message: Build asset version error: assets/tests/test_davi/scripts/babybottlecontroller.cs in SourceAssetDB has modification time of '2025-06-18T19:14:53Z' while content on disk has modification time of '2025-06-18T19:17:33Z'
  ERROR: Build asset version error: assets/tests/test_davi/scripts/babybottlecontroller.cs in SourceAssetDB has modification time of '2025-06-18T19:14:53Z' while content on disk has modification time of '2025-06-18T19:17:33Z'
Number of updated asset objects reloaded before import = 0
Number of asset objects unloaded after import = 0
========================================================================
Received Import Request.
  Time since last request: 1.004426 seconds.
  path: Assets/Tests/Test_Davi/Scripts/BabyBottleController.cs
  artifactKey: Guid(e90401e3ed60286c7a4c8dc40b022595) Importer(815301076,1909f56bfc062723c751e8b465ee728b)
Start importing Assets/Tests/Test_Davi/Scripts/BabyBottleController.cs using Guid(e90401e3ed60286c7a4c8dc40b022595) Importer(815301076,1909f56bfc062723c751e8b465ee728b) [PhysX] Initialized MultithreadedTaskDispatcher with 12 workers.
 -> (artifact id: '00000000000000000000000000000000') in 0.000511 seconds
Import Error Code:(4)
Message: Build asset version error: assets/tests/test_davi/scripts/babybottlecontroller.cs in SourceAssetDB has modification time of '2025-06-18T19:14:53Z' while content on disk has modification time of '2025-06-18T19:17:35Z'
  ERROR: Build asset version error: assets/tests/test_davi/scripts/babybottlecontroller.cs in SourceAssetDB has modification time of '2025-06-18T19:14:53Z' while content on disk has modification time of '2025-06-18T19:17:35Z'
Number of updated asset objects reloaded before import = 0
Number of asset objects unloaded after import = 0
========================================================================
Received Import Request.
  Time since last request: 1.004023 seconds.
  path: Assets/Tests/Test_Davi/Scripts/BabyBottleController.cs
  artifactKey: Guid(e90401e3ed60286c7a4c8dc40b022595) Importer(815301076,1909f56bfc062723c751e8b465ee728b)
Start importing Assets/Tests/Test_Davi/Scripts/BabyBottleController.cs using Guid(e90401e3ed60286c7a4c8dc40b022595) Importer(815301076,1909f56bfc062723c751e8b465ee728b) [PhysX] Initialized MultithreadedTaskDispatcher with 12 workers.
 -> (artifact id: '00000000000000000000000000000000') in 0.000432 seconds
Import Error Code:(4)
Message: Build asset version error: assets/tests/test_davi/scripts/babybottlecontroller.cs in SourceAssetDB has modification time of '2025-06-18T19:14:53Z' while content on disk has modification time of '2025-06-18T19:17:35Z'
  ERROR: Build asset version error: assets/tests/test_davi/scripts/babybottlecontroller.cs in SourceAssetDB has modification time of '2025-06-18T19:14:53Z' while content on disk has modification time of '2025-06-18T19:17:35Z'
Number of updated asset objects reloaded before import = 0
Number of asset objects unloaded after import = 0
========================================================================
Received Import Request.
  Time since last request: 1.003217 seconds.
  path: Assets/Tests/Test_Davi/Scripts/BabyBottleController.cs
  artifactKey: Guid(e90401e3ed60286c7a4c8dc40b022595) Importer(815301076,1909f56bfc062723c751e8b465ee728b)
Start importing Assets/Tests/Test_Davi/Scripts/BabyBottleController.cs using Guid(e90401e3ed60286c7a4c8dc40b022595) Importer(815301076,1909f56bfc062723c751e8b465ee728b) [PhysX] Initialized MultithreadedTaskDispatcher with 12 workers.
 -> (artifact id: '00000000000000000000000000000000') in 0.000494 seconds
Import Error Code:(4)
Message: Build asset version error: assets/tests/test_davi/scripts/babybottlecontroller.cs in SourceAssetDB has modification time of '2025-06-18T19:14:53Z' while content on disk has modification time of '2025-06-18T19:17:35Z'
  ERROR: Build asset version error: assets/tests/test_davi/scripts/babybottlecontroller.cs in SourceAssetDB has modification time of '2025-06-18T19:14:53Z' while content on disk has modification time of '2025-06-18T19:17:35Z'
Number of updated asset objects reloaded before import = 0
Number of asset objects unloaded after import = 0
========================================================================
Received Import Request.
  Time since last request: 1.003778 seconds.
  path: Assets/Tests/Test_Davi/Scripts/BabyBottleController.cs
  artifactKey: Guid(e90401e3ed60286c7a4c8dc40b022595) Importer(815301076,1909f56bfc062723c751e8b465ee728b)
Start importing Assets/Tests/Test_Davi/Scripts/BabyBottleController.cs using Guid(e90401e3ed60286c7a4c8dc40b022595) Importer(815301076,1909f56bfc062723c751e8b465ee728b) [PhysX] Initialized MultithreadedTaskDispatcher with 12 workers.
 -> (artifact id: '00000000000000000000000000000000') in 0.000621 seconds
Import Error Code:(4)
Message: Build asset version error: assets/tests/test_davi/scripts/babybottlecontroller.cs in SourceAssetDB has modification time of '2025-06-18T19:14:53Z' while content on disk has modification time of '2025-06-18T19:17:35Z'
  ERROR: Build asset version error: assets/tests/test_davi/scripts/babybottlecontroller.cs in SourceAssetDB has modification time of '2025-06-18T19:14:53Z' while content on disk has modification time of '2025-06-18T19:17:35Z'
Number of updated asset objects reloaded before import = 0
Number of asset objects unloaded after import = 0
========================================================================
Received Import Request.
  Time since last request: 1.004042 seconds.
  path: Assets/Tests/Test_Davi/Scripts/BabyBottleController.cs
  artifactKey: Guid(e90401e3ed60286c7a4c8dc40b022595) Importer(815301076,1909f56bfc062723c751e8b465ee728b)
Start importing Assets/Tests/Test_Davi/Scripts/BabyBottleController.cs using Guid(e90401e3ed60286c7a4c8dc40b022595) Importer(815301076,1909f56bfc062723c751e8b465ee728b) [PhysX] Initialized MultithreadedTaskDispatcher with 12 workers.
 -> (artifact id: '00000000000000000000000000000000') in 0.000414 seconds
Import Error Code:(4)
Message: Build asset version error: assets/tests/test_davi/scripts/babybottlecontroller.cs in SourceAssetDB has modification time of '2025-06-18T19:14:53Z' while content on disk has modification time of '2025-06-18T19:17:35Z'
  ERROR: Build asset version error: assets/tests/test_davi/scripts/babybottlecontroller.cs in SourceAssetDB has modification time of '2025-06-18T19:14:53Z' while content on disk has modification time of '2025-06-18T19:17:35Z'
Number of updated asset objects reloaded before import = 0
Number of asset objects unloaded after import = 0
========================================================================
Received Import Request.
  Time since last request: 1.003391 seconds.
  path: Assets/Tests/Test_Davi/Scripts/BabyBottleController.cs
  artifactKey: Guid(e90401e3ed60286c7a4c8dc40b022595) Importer(815301076,1909f56bfc062723c751e8b465ee728b)
Start importing Assets/Tests/Test_Davi/Scripts/BabyBottleController.cs using Guid(e90401e3ed60286c7a4c8dc40b022595) Importer(815301076,1909f56bfc062723c751e8b465ee728b) [PhysX] Initialized MultithreadedTaskDispatcher with 12 workers.
 -> (artifact id: '00000000000000000000000000000000') in 0.000795 seconds
Import Error Code:(4)
Message: Build asset version error: assets/tests/test_davi/scripts/babybottlecontroller.cs in SourceAssetDB has modification time of '2025-06-18T19:14:53Z' while content on disk has modification time of '2025-06-18T19:17:35Z'
  ERROR: Build asset version error: assets/tests/test_davi/scripts/babybottlecontroller.cs in SourceAssetDB has modification time of '2025-06-18T19:14:53Z' while content on disk has modification time of '2025-06-18T19:17:35Z'
Number of updated asset objects reloaded before import = 0
Number of asset objects unloaded after import = 0
========================================================================
Received Import Request.
  Time since last request: 1.003692 seconds.
  path: Assets/Tests/Test_Davi/Scripts/BabyBottleController.cs
  artifactKey: Guid(e90401e3ed60286c7a4c8dc40b022595) Importer(815301076,1909f56bfc062723c751e8b465ee728b)
Start importing Assets/Tests/Test_Davi/Scripts/BabyBottleController.cs using Guid(e90401e3ed60286c7a4c8dc40b022595) Importer(815301076,1909f56bfc062723c751e8b465ee728b) [PhysX] Initialized MultithreadedTaskDispatcher with 12 workers.
 -> (artifact id: '00000000000000000000000000000000') in 0.000417 seconds
Import Error Code:(4)
Message: Build asset version error: assets/tests/test_davi/scripts/babybottlecontroller.cs in SourceAssetDB has modification time of '2025-06-18T19:14:53Z' while content on disk has modification time of '2025-06-18T19:17:35Z'
  ERROR: Build asset version error: assets/tests/test_davi/scripts/babybottlecontroller.cs in SourceAssetDB has modification time of '2025-06-18T19:14:53Z' while content on disk has modification time of '2025-06-18T19:17:35Z'
Number of updated asset objects reloaded before import = 0
Number of asset objects unloaded after import = 0
========================================================================
Received Import Request.
  Time since last request: 1.004917 seconds.
  path: Assets/Tests/Test_Davi/Scripts/BabyBottleController.cs
  artifactKey: Guid(e90401e3ed60286c7a4c8dc40b022595) Importer(815301076,1909f56bfc062723c751e8b465ee728b)
Start importing Assets/Tests/Test_Davi/Scripts/BabyBottleController.cs using Guid(e90401e3ed60286c7a4c8dc40b022595) Importer(815301076,1909f56bfc062723c751e8b465ee728b) [PhysX] Initialized MultithreadedTaskDispatcher with 12 workers.
 -> (artifact id: '00000000000000000000000000000000') in 0.000654 seconds
Import Error Code:(4)
Message: Build asset version error: assets/tests/test_davi/scripts/babybottlecontroller.cs in SourceAssetDB has modification time of '2025-06-18T19:14:53Z' while content on disk has modification time of '2025-06-18T19:17:35Z'
  ERROR: Build asset version error: assets/tests/test_davi/scripts/babybottlecontroller.cs in SourceAssetDB has modification time of '2025-06-18T19:14:53Z' while content on disk has modification time of '2025-06-18T19:17:35Z'
Number of updated asset objects reloaded before import = 0
Number of asset objects unloaded after import = 0
========================================================================
Received Import Request.
  Time since last request: 1.003755 seconds.
  path: Assets/Tests/Test_Davi/Scripts/BabyBottleController.cs
  artifactKey: Guid(e90401e3ed60286c7a4c8dc40b022595) Importer(815301076,1909f56bfc062723c751e8b465ee728b)
Start importing Assets/Tests/Test_Davi/Scripts/BabyBottleController.cs using Guid(e90401e3ed60286c7a4c8dc40b022595) Importer(815301076,1909f56bfc062723c751e8b465ee728b) [PhysX] Initialized MultithreadedTaskDispatcher with 12 workers.
 -> (artifact id: '00000000000000000000000000000000') in 0.000430 seconds
Import Error Code:(4)
Message: Build asset version error: assets/tests/test_davi/scripts/babybottlecontroller.cs in SourceAssetDB has modification time of '2025-06-18T19:14:53Z' while content on disk has modification time of '2025-06-18T19:17:35Z'
  ERROR: Build asset version error: assets/tests/test_davi/scripts/babybottlecontroller.cs in SourceAssetDB has modification time of '2025-06-18T19:14:53Z' while content on disk has modification time of '2025-06-18T19:17:35Z'
Number of updated asset objects reloaded before import = 0
Number of asset objects unloaded after import = 0
========================================================================
Received Import Request.
  Time since last request: 1.003570 seconds.
  path: Assets/Tests/Test_Davi/Scripts/BabyBottleController.cs
  artifactKey: Guid(e90401e3ed60286c7a4c8dc40b022595) Importer(815301076,1909f56bfc062723c751e8b465ee728b)
Start importing Assets/Tests/Test_Davi/Scripts/BabyBottleController.cs using Guid(e90401e3ed60286c7a4c8dc40b022595) Importer(815301076,1909f56bfc062723c751e8b465ee728b) [PhysX] Initialized MultithreadedTaskDispatcher with 12 workers.
 -> (artifact id: '00000000000000000000000000000000') in 0.000489 seconds
Import Error Code:(4)
Message: Build asset version error: assets/tests/test_davi/scripts/babybottlecontroller.cs in SourceAssetDB has modification time of '2025-06-18T19:14:53Z' while content on disk has modification time of '2025-06-18T19:17:35Z'
  ERROR: Build asset version error: assets/tests/test_davi/scripts/babybottlecontroller.cs in SourceAssetDB has modification time of '2025-06-18T19:14:53Z' while content on disk has modification time of '2025-06-18T19:17:35Z'
Number of updated asset objects reloaded before import = 0
Number of asset objects unloaded after import = 0
========================================================================
Received Import Request.
  Time since last request: 1.004218 seconds.
  path: Assets/Tests/Test_Davi/Scripts/BabyBottleController.cs
  artifactKey: Guid(e90401e3ed60286c7a4c8dc40b022595) Importer(815301076,1909f56bfc062723c751e8b465ee728b)
Start importing Assets/Tests/Test_Davi/Scripts/BabyBottleController.cs using Guid(e90401e3ed60286c7a4c8dc40b022595) Importer(815301076,1909f56bfc062723c751e8b465ee728b) [PhysX] Initialized MultithreadedTaskDispatcher with 12 workers.
 -> (artifact id: '00000000000000000000000000000000') in 0.000526 seconds
Import Error Code:(4)
Message: Build asset version error: assets/tests/test_davi/scripts/babybottlecontroller.cs in SourceAssetDB has modification time of '2025-06-18T19:14:53Z' while content on disk has modification time of '2025-06-18T19:17:35Z'
  ERROR: Build asset version error: assets/tests/test_davi/scripts/babybottlecontroller.cs in SourceAssetDB has modification time of '2025-06-18T19:14:53Z' while content on disk has modification time of '2025-06-18T19:17:35Z'
Number of updated asset objects reloaded before import = 0
Number of asset objects unloaded after import = 0
========================================================================
Received Import Request.
  Time since last request: 1.002744 seconds.
  path: Assets/Tests/Test_Davi/Scripts/BabyBottleController.cs
  artifactKey: Guid(e90401e3ed60286c7a4c8dc40b022595) Importer(815301076,1909f56bfc062723c751e8b465ee728b)
Start importing Assets/Tests/Test_Davi/Scripts/BabyBottleController.cs using Guid(e90401e3ed60286c7a4c8dc40b022595) Importer(815301076,1909f56bfc062723c751e8b465ee728b) [PhysX] Initialized MultithreadedTaskDispatcher with 12 workers.
 -> (artifact id: '00000000000000000000000000000000') in 0.000442 seconds
Import Error Code:(4)
Message: Build asset version error: assets/tests/test_davi/scripts/babybottlecontroller.cs in SourceAssetDB has modification time of '2025-06-18T19:14:53Z' while content on disk has modification time of '2025-06-18T19:17:35Z'
  ERROR: Build asset version error: assets/tests/test_davi/scripts/babybottlecontroller.cs in SourceAssetDB has modification time of '2025-06-18T19:14:53Z' while content on disk has modification time of '2025-06-18T19:17:35Z'
Number of updated asset objects reloaded before import = 0
Number of asset objects unloaded after import = 0
========================================================================
Received Import Request.
  Time since last request: 1.003441 seconds.
  path: Assets/Tests/Test_Davi/Scripts/BabyBottleController.cs
  artifactKey: Guid(e90401e3ed60286c7a4c8dc40b022595) Importer(815301076,1909f56bfc062723c751e8b465ee728b)
Start importing Assets/Tests/Test_Davi/Scripts/BabyBottleController.cs using Guid(e90401e3ed60286c7a4c8dc40b022595) Importer(815301076,1909f56bfc062723c751e8b465ee728b) [PhysX] Initialized MultithreadedTaskDispatcher with 12 workers.
 -> (artifact id: '00000000000000000000000000000000') in 0.000463 seconds
Import Error Code:(4)
Message: Build asset version error: assets/tests/test_davi/scripts/babybottlecontroller.cs in SourceAssetDB has modification time of '2025-06-18T19:14:53Z' while content on disk has modification time of '2025-06-18T19:17:35Z'
  ERROR: Build asset version error: assets/tests/test_davi/scripts/babybottlecontroller.cs in SourceAssetDB has modification time of '2025-06-18T19:14:53Z' while content on disk has modification time of '2025-06-18T19:17:35Z'
Number of updated asset objects reloaded before import = 0
Number of asset objects unloaded after import = 0
========================================================================
Received Import Request.
  Time since last request: 1.002535 seconds.
  path: Assets/Tests/Test_Davi/Scripts/BabyBottleController.cs
  artifactKey: Guid(e90401e3ed60286c7a4c8dc40b022595) Importer(815301076,1909f56bfc062723c751e8b465ee728b)
Start importing Assets/Tests/Test_Davi/Scripts/BabyBottleController.cs using Guid(e90401e3ed60286c7a4c8dc40b022595) Importer(815301076,1909f56bfc062723c751e8b465ee728b) [PhysX] Initialized MultithreadedTaskDispatcher with 12 workers.
 -> (artifact id: '00000000000000000000000000000000') in 0.000465 seconds
Import Error Code:(4)
Message: Build asset version error: assets/tests/test_davi/scripts/babybottlecontroller.cs in SourceAssetDB has modification time of '2025-06-18T19:14:53Z' while content on disk has modification time of '2025-06-18T19:17:35Z'
  ERROR: Build asset version error: assets/tests/test_davi/scripts/babybottlecontroller.cs in SourceAssetDB has modification time of '2025-06-18T19:14:53Z' while content on disk has modification time of '2025-06-18T19:17:35Z'
Number of updated asset objects reloaded before import = 0
Number of asset objects unloaded after import = 0
========================================================================
Received Import Request.
  Time since last request: 1.003536 seconds.
  path: Assets/Tests/Test_Davi/Scripts/BabyBottleController.cs
  artifactKey: Guid(e90401e3ed60286c7a4c8dc40b022595) Importer(815301076,1909f56bfc062723c751e8b465ee728b)
Start importing Assets/Tests/Test_Davi/Scripts/BabyBottleController.cs using Guid(e90401e3ed60286c7a4c8dc40b022595) Importer(815301076,1909f56bfc062723c751e8b465ee728b) [PhysX] Initialized MultithreadedTaskDispatcher with 12 workers.
 -> (artifact id: '00000000000000000000000000000000') in 0.000545 seconds
Import Error Code:(4)
Message: Build asset version error: assets/tests/test_davi/scripts/babybottlecontroller.cs in SourceAssetDB has modification time of '2025-06-18T19:14:53Z' while content on disk has modification time of '2025-06-18T19:17:35Z'
  ERROR: Build asset version error: assets/tests/test_davi/scripts/babybottlecontroller.cs in SourceAssetDB has modification time of '2025-06-18T19:14:53Z' while content on disk has modification time of '2025-06-18T19:17:35Z'
Number of updated asset objects reloaded before import = 0
Number of asset objects unloaded after import = 0
========================================================================
Received Import Request.
  Time since last request: 1.004248 seconds.
  path: Assets/Tests/Test_Davi/Scripts/BabyBottleController.cs
  artifactKey: Guid(e90401e3ed60286c7a4c8dc40b022595) Importer(815301076,1909f56bfc062723c751e8b465ee728b)
Start importing Assets/Tests/Test_Davi/Scripts/BabyBottleController.cs using Guid(e90401e3ed60286c7a4c8dc40b022595) Importer(815301076,1909f56bfc062723c751e8b465ee728b) [PhysX] Initialized MultithreadedTaskDispatcher with 12 workers.
 -> (artifact id: '00000000000000000000000000000000') in 0.000581 seconds
Import Error Code:(4)
Message: Build asset version error: assets/tests/test_davi/scripts/babybottlecontroller.cs in SourceAssetDB has modification time of '2025-06-18T19:14:53Z' while content on disk has modification time of '2025-06-18T19:17:35Z'
  ERROR: Build asset version error: assets/tests/test_davi/scripts/babybottlecontroller.cs in SourceAssetDB has modification time of '2025-06-18T19:14:53Z' while content on disk has modification time of '2025-06-18T19:17:35Z'
Number of updated asset objects reloaded before import = 0
Number of asset objects unloaded after import = 0
========================================================================
Received Import Request.
  Time since last request: 1.002867 seconds.
  path: Assets/Tests/Test_Davi/Scripts/BabyBottleController.cs
  artifactKey: Guid(e90401e3ed60286c7a4c8dc40b022595) Importer(815301076,1909f56bfc062723c751e8b465ee728b)
Start importing Assets/Tests/Test_Davi/Scripts/BabyBottleController.cs using Guid(e90401e3ed60286c7a4c8dc40b022595) Importer(815301076,1909f56bfc062723c751e8b465ee728b) [PhysX] Initialized MultithreadedTaskDispatcher with 12 workers.
 -> (artifact id: '00000000000000000000000000000000') in 0.000427 seconds
Import Error Code:(4)
Message: Build asset version error: assets/tests/test_davi/scripts/babybottlecontroller.cs in SourceAssetDB has modification time of '2025-06-18T19:14:53Z' while content on disk has modification time of '2025-06-18T19:17:35Z'
  ERROR: Build asset version error: assets/tests/test_davi/scripts/babybottlecontroller.cs in SourceAssetDB has modification time of '2025-06-18T19:14:53Z' while content on disk has modification time of '2025-06-18T19:17:35Z'
Number of updated asset objects reloaded before import = 0
Number of asset objects unloaded after import = 0
========================================================================
Received Import Request.
  Time since last request: 1.002973 seconds.
  path: Assets/Tests/Test_Davi/Scripts/BabyBottleController.cs
  artifactKey: Guid(e90401e3ed60286c7a4c8dc40b022595) Importer(815301076,1909f56bfc062723c751e8b465ee728b)
Start importing Assets/Tests/Test_Davi/Scripts/BabyBottleController.cs using Guid(e90401e3ed60286c7a4c8dc40b022595) Importer(815301076,1909f56bfc062723c751e8b465ee728b) [PhysX] Initialized MultithreadedTaskDispatcher with 12 workers.
 -> (artifact id: '00000000000000000000000000000000') in 0.000410 seconds
Import Error Code:(4)
Message: Build asset version error: assets/tests/test_davi/scripts/babybottlecontroller.cs in SourceAssetDB has modification time of '2025-06-18T19:14:53Z' while content on disk has modification time of '2025-06-18T19:17:35Z'
  ERROR: Build asset version error: assets/tests/test_davi/scripts/babybottlecontroller.cs in SourceAssetDB has modification time of '2025-06-18T19:14:53Z' while content on disk has modification time of '2025-06-18T19:17:35Z'
Number of updated asset objects reloaded before import = 0
Number of asset objects unloaded after import = 0
========================================================================
Received Import Request.
  Time since last request: 1.003140 seconds.
  path: Assets/Tests/Test_Davi/Scripts/BabyBottleController.cs
  artifactKey: Guid(e90401e3ed60286c7a4c8dc40b022595) Importer(815301076,1909f56bfc062723c751e8b465ee728b)
Start importing Assets/Tests/Test_Davi/Scripts/BabyBottleController.cs using Guid(e90401e3ed60286c7a4c8dc40b022595) Importer(815301076,1909f56bfc062723c751e8b465ee728b) [PhysX] Initialized MultithreadedTaskDispatcher with 12 workers.
 -> (artifact id: '00000000000000000000000000000000') in 0.000622 seconds
Import Error Code:(4)
Message: Build asset version error: assets/tests/test_davi/scripts/babybottlecontroller.cs in SourceAssetDB has modification time of '2025-06-18T19:14:53Z' while content on disk has modification time of '2025-06-18T19:17:35Z'
  ERROR: Build asset version error: assets/tests/test_davi/scripts/babybottlecontroller.cs in SourceAssetDB has modification time of '2025-06-18T19:14:53Z' while content on disk has modification time of '2025-06-18T19:17:35Z'
Number of updated asset objects reloaded before import = 0
Number of asset objects unloaded after import = 0
========================================================================
Received Import Request.
  Time since last request: 1.003577 seconds.
  path: Assets/Tests/Test_Davi/Scripts/BabyBottleController.cs
  artifactKey: Guid(e90401e3ed60286c7a4c8dc40b022595) Importer(815301076,1909f56bfc062723c751e8b465ee728b)
Start importing Assets/Tests/Test_Davi/Scripts/BabyBottleController.cs using Guid(e90401e3ed60286c7a4c8dc40b022595) Importer(815301076,1909f56bfc062723c751e8b465ee728b) [PhysX] Initialized MultithreadedTaskDispatcher with 12 workers.
 -> (artifact id: '00000000000000000000000000000000') in 0.000436 seconds
Import Error Code:(4)
Message: Build asset version error: assets/tests/test_davi/scripts/babybottlecontroller.cs in SourceAssetDB has modification time of '2025-06-18T19:14:53Z' while content on disk has modification time of '2025-06-18T19:17:35Z'
  ERROR: Build asset version error: assets/tests/test_davi/scripts/babybottlecontroller.cs in SourceAssetDB has modification time of '2025-06-18T19:14:53Z' while content on disk has modification time of '2025-06-18T19:17:35Z'
Number of updated asset objects reloaded before import = 0
Number of asset objects unloaded after import = 0
========================================================================
Received Import Request.
  Time since last request: 1.003026 seconds.
  path: Assets/Tests/Test_Davi/Scripts/BabyBottleController.cs
  artifactKey: Guid(e90401e3ed60286c7a4c8dc40b022595) Importer(815301076,1909f56bfc062723c751e8b465ee728b)
Start importing Assets/Tests/Test_Davi/Scripts/BabyBottleController.cs using Guid(e90401e3ed60286c7a4c8dc40b022595) Importer(815301076,1909f56bfc062723c751e8b465ee728b) [PhysX] Initialized MultithreadedTaskDispatcher with 12 workers.
 -> (artifact id: '00000000000000000000000000000000') in 0.000450 seconds
Import Error Code:(4)
Message: Build asset version error: assets/tests/test_davi/scripts/babybottlecontroller.cs in SourceAssetDB has modification time of '2025-06-18T19:14:53Z' while content on disk has modification time of '2025-06-18T19:17:35Z'
  ERROR: Build asset version error: assets/tests/test_davi/scripts/babybottlecontroller.cs in SourceAssetDB has modification time of '2025-06-18T19:14:53Z' while content on disk has modification time of '2025-06-18T19:17:35Z'
Number of updated asset objects reloaded before import = 0
Number of asset objects unloaded after import = 0
========================================================================
Received Import Request.
  Time since last request: 1.004365 seconds.
  path: Assets/Tests/Test_Davi/Scripts/BabyBottleController.cs
  artifactKey: Guid(e90401e3ed60286c7a4c8dc40b022595) Importer(815301076,1909f56bfc062723c751e8b465ee728b)
Start importing Assets/Tests/Test_Davi/Scripts/BabyBottleController.cs using Guid(e90401e3ed60286c7a4c8dc40b022595) Importer(815301076,1909f56bfc062723c751e8b465ee728b) [PhysX] Initialized MultithreadedTaskDispatcher with 12 workers.
 -> (artifact id: '00000000000000000000000000000000') in 0.000506 seconds
Import Error Code:(4)
Message: Build asset version error: assets/tests/test_davi/scripts/babybottlecontroller.cs in SourceAssetDB has modification time of '2025-06-18T19:14:53Z' while content on disk has modification time of '2025-06-18T19:17:56Z'
  ERROR: Build asset version error: assets/tests/test_davi/scripts/babybottlecontroller.cs in SourceAssetDB has modification time of '2025-06-18T19:14:53Z' while content on disk has modification time of '2025-06-18T19:17:56Z'
Number of updated asset objects reloaded before import = 0
Number of asset objects unloaded after import = 0
========================================================================
Received Import Request.
  Time since last request: 1.003881 seconds.
  path: Assets/Tests/Test_Davi/Scripts/BabyBottleController.cs
  artifactKey: Guid(e90401e3ed60286c7a4c8dc40b022595) Importer(815301076,1909f56bfc062723c751e8b465ee728b)
Start importing Assets/Tests/Test_Davi/Scripts/BabyBottleController.cs using Guid(e90401e3ed60286c7a4c8dc40b022595) Importer(815301076,1909f56bfc062723c751e8b465ee728b) [PhysX] Initialized MultithreadedTaskDispatcher with 12 workers.
 -> (artifact id: '00000000000000000000000000000000') in 0.000463 seconds
Import Error Code:(4)
Message: Build asset version error: assets/tests/test_davi/scripts/babybottlecontroller.cs in SourceAssetDB has modification time of '2025-06-18T19:14:53Z' while content on disk has modification time of '2025-06-18T19:17:56Z'
  ERROR: Build asset version error: assets/tests/test_davi/scripts/babybottlecontroller.cs in SourceAssetDB has modification time of '2025-06-18T19:14:53Z' while content on disk has modification time of '2025-06-18T19:17:56Z'
Number of updated asset objects reloaded before import = 0
Number of asset objects unloaded after import = 0
========================================================================
Received Import Request.
  Time since last request: 1.003959 seconds.
  path: Assets/Tests/Test_Davi/Scripts/BabyBottleController.cs
  artifactKey: Guid(e90401e3ed60286c7a4c8dc40b022595) Importer(815301076,1909f56bfc062723c751e8b465ee728b)
Start importing Assets/Tests/Test_Davi/Scripts/BabyBottleController.cs using Guid(e90401e3ed60286c7a4c8dc40b022595) Importer(815301076,1909f56bfc062723c751e8b465ee728b) [PhysX] Initialized MultithreadedTaskDispatcher with 12 workers.
 -> (artifact id: '00000000000000000000000000000000') in 0.000436 seconds
Import Error Code:(4)
Message: Build asset version error: assets/tests/test_davi/scripts/babybottlecontroller.cs in SourceAssetDB has modification time of '2025-06-18T19:14:53Z' while content on disk has modification time of '2025-06-18T19:17:56Z'
  ERROR: Build asset version error: assets/tests/test_davi/scripts/babybottlecontroller.cs in SourceAssetDB has modification time of '2025-06-18T19:14:53Z' while content on disk has modification time of '2025-06-18T19:17:56Z'
Number of updated asset objects reloaded before import = 0
Number of asset objects unloaded after import = 0
========================================================================
Received Import Request.
  Time since last request: 1.003811 seconds.
  path: Assets/Tests/Test_Davi/Scripts/BabyBottleController.cs
  artifactKey: Guid(e90401e3ed60286c7a4c8dc40b022595) Importer(815301076,1909f56bfc062723c751e8b465ee728b)
Start importing Assets/Tests/Test_Davi/Scripts/BabyBottleController.cs using Guid(e90401e3ed60286c7a4c8dc40b022595) Importer(815301076,1909f56bfc062723c751e8b465ee728b) [PhysX] Initialized MultithreadedTaskDispatcher with 12 workers.
 -> (artifact id: '00000000000000000000000000000000') in 0.000482 seconds
Import Error Code:(4)
Message: Build asset version error: assets/tests/test_davi/scripts/babybottlecontroller.cs in SourceAssetDB has modification time of '2025-06-18T19:14:53Z' while content on disk has modification time of '2025-06-18T19:17:59Z'
  ERROR: Build asset version error: assets/tests/test_davi/scripts/babybottlecontroller.cs in SourceAssetDB has modification time of '2025-06-18T19:14:53Z' while content on disk has modification time of '2025-06-18T19:17:59Z'
Number of updated asset objects reloaded before import = 0
Number of asset objects unloaded after import = 0
========================================================================
Received Import Request.
  Time since last request: 1.003779 seconds.
  path: Assets/Tests/Test_Davi/Scripts/BabyBottleController.cs
  artifactKey: Guid(e90401e3ed60286c7a4c8dc40b022595) Importer(815301076,1909f56bfc062723c751e8b465ee728b)
Start importing Assets/Tests/Test_Davi/Scripts/BabyBottleController.cs using Guid(e90401e3ed60286c7a4c8dc40b022595) Importer(815301076,1909f56bfc062723c751e8b465ee728b) [PhysX] Initialized MultithreadedTaskDispatcher with 12 workers.
 -> (artifact id: '00000000000000000000000000000000') in 0.000501 seconds
Import Error Code:(4)
Message: Build asset version error: assets/tests/test_davi/scripts/babybottlecontroller.cs in SourceAssetDB has modification time of '2025-06-18T19:14:53Z' while content on disk has modification time of '2025-06-18T19:17:59Z'
  ERROR: Build asset version error: assets/tests/test_davi/scripts/babybottlecontroller.cs in SourceAssetDB has modification time of '2025-06-18T19:14:53Z' while content on disk has modification time of '2025-06-18T19:17:59Z'
Number of updated asset objects reloaded before import = 0
Number of asset objects unloaded after import = 0
========================================================================
Received Import Request.
  Time since last request: 1.003665 seconds.
  path: Assets/Tests/Test_Davi/Scripts/BabyBottleController.cs
  artifactKey: Guid(e90401e3ed60286c7a4c8dc40b022595) Importer(815301076,1909f56bfc062723c751e8b465ee728b)
Start importing Assets/Tests/Test_Davi/Scripts/BabyBottleController.cs using Guid(e90401e3ed60286c7a4c8dc40b022595) Importer(815301076,1909f56bfc062723c751e8b465ee728b) [PhysX] Initialized MultithreadedTaskDispatcher with 12 workers.
 -> (artifact id: '00000000000000000000000000000000') in 0.000466 seconds
Import Error Code:(4)
Message: Build asset version error: assets/tests/test_davi/scripts/babybottlecontroller.cs in SourceAssetDB has modification time of '2025-06-18T19:14:53Z' while content on disk has modification time of '2025-06-18T19:17:59Z'
  ERROR: Build asset version error: assets/tests/test_davi/scripts/babybottlecontroller.cs in SourceAssetDB has modification time of '2025-06-18T19:14:53Z' while content on disk has modification time of '2025-06-18T19:17:59Z'
Number of updated asset objects reloaded before import = 0
Number of asset objects unloaded after import = 0
========================================================================
Received Import Request.
  Time since last request: 1.003595 seconds.
  path: Assets/Tests/Test_Davi/Scripts/BabyBottleController.cs
  artifactKey: Guid(e90401e3ed60286c7a4c8dc40b022595) Importer(815301076,1909f56bfc062723c751e8b465ee728b)
Start importing Assets/Tests/Test_Davi/Scripts/BabyBottleController.cs using Guid(e90401e3ed60286c7a4c8dc40b022595) Importer(815301076,1909f56bfc062723c751e8b465ee728b) [PhysX] Initialized MultithreadedTaskDispatcher with 12 workers.
 -> (artifact id: '00000000000000000000000000000000') in 0.000497 seconds
Import Error Code:(4)
Message: Build asset version error: assets/tests/test_davi/scripts/babybottlecontroller.cs in SourceAssetDB has modification time of '2025-06-18T19:14:53Z' while content on disk has modification time of '2025-06-18T19:18:02Z'
  ERROR: Build asset version error: assets/tests/test_davi/scripts/babybottlecontroller.cs in SourceAssetDB has modification time of '2025-06-18T19:14:53Z' while content on disk has modification time of '2025-06-18T19:18:02Z'
Number of updated asset objects reloaded before import = 0
Number of asset objects unloaded after import = 0
========================================================================
Received Import Request.
  Time since last request: 1.004219 seconds.
  path: Assets/Tests/Test_Davi/Scripts/BabyBottleController.cs
  artifactKey: Guid(e90401e3ed60286c7a4c8dc40b022595) Importer(815301076,1909f56bfc062723c751e8b465ee728b)
Start importing Assets/Tests/Test_Davi/Scripts/BabyBottleController.cs using Guid(e90401e3ed60286c7a4c8dc40b022595) Importer(815301076,1909f56bfc062723c751e8b465ee728b) [PhysX] Initialized MultithreadedTaskDispatcher with 12 workers.
 -> (artifact id: '00000000000000000000000000000000') in 0.000428 seconds
Import Error Code:(4)
Message: Build asset version error: assets/tests/test_davi/scripts/babybottlecontroller.cs in SourceAssetDB has modification time of '2025-06-18T19:14:53Z' while content on disk has modification time of '2025-06-18T19:18:02Z'
  ERROR: Build asset version error: assets/tests/test_davi/scripts/babybottlecontroller.cs in SourceAssetDB has modification time of '2025-06-18T19:14:53Z' while content on disk has modification time of '2025-06-18T19:18:02Z'
Number of updated asset objects reloaded before import = 0
Number of asset objects unloaded after import = 0
========================================================================
Received Import Request.
  Time since last request: 1.004305 seconds.
  path: Assets/Tests/Test_Davi/Scripts/BabyBottleController.cs
  artifactKey: Guid(e90401e3ed60286c7a4c8dc40b022595) Importer(815301076,1909f56bfc062723c751e8b465ee728b)
Start importing Assets/Tests/Test_Davi/Scripts/BabyBottleController.cs using Guid(e90401e3ed60286c7a4c8dc40b022595) Importer(815301076,1909f56bfc062723c751e8b465ee728b) [PhysX] Initialized MultithreadedTaskDispatcher with 12 workers.
 -> (artifact id: '00000000000000000000000000000000') in 0.000533 seconds
Import Error Code:(4)
Message: Build asset version error: assets/tests/test_davi/scripts/babybottlecontroller.cs in SourceAssetDB has modification time of '2025-06-18T19:14:53Z' while content on disk has modification time of '2025-06-18T19:18:02Z'
  ERROR: Build asset version error: assets/tests/test_davi/scripts/babybottlecontroller.cs in SourceAssetDB has modification time of '2025-06-18T19:14:53Z' while content on disk has modification time of '2025-06-18T19:18:02Z'
Number of updated asset objects reloaded before import = 0
Number of asset objects unloaded after import = 0
========================================================================
Received Import Request.
  Time since last request: 1.004273 seconds.
  path: Assets/Tests/Test_Davi/Scripts/BabyBottleController.cs
  artifactKey: Guid(e90401e3ed60286c7a4c8dc40b022595) Importer(815301076,1909f56bfc062723c751e8b465ee728b)
Start importing Assets/Tests/Test_Davi/Scripts/BabyBottleController.cs using Guid(e90401e3ed60286c7a4c8dc40b022595) Importer(815301076,1909f56bfc062723c751e8b465ee728b) [PhysX] Initialized MultithreadedTaskDispatcher with 12 workers.
 -> (artifact id: '00000000000000000000000000000000') in 0.000625 seconds
Import Error Code:(4)
Message: Build asset version error: assets/tests/test_davi/scripts/babybottlecontroller.cs in SourceAssetDB has modification time of '2025-06-18T19:14:53Z' while content on disk has modification time of '2025-06-18T19:18:02Z'
  ERROR: Build asset version error: assets/tests/test_davi/scripts/babybottlecontroller.cs in SourceAssetDB has modification time of '2025-06-18T19:14:53Z' while content on disk has modification time of '2025-06-18T19:18:02Z'
Number of updated asset objects reloaded before import = 0
Number of asset objects unloaded after import = 0
========================================================================
Received Import Request.
  Time since last request: 1.003627 seconds.
  path: Assets/Tests/Test_Davi/Scripts/BabyBottleController.cs
  artifactKey: Guid(e90401e3ed60286c7a4c8dc40b022595) Importer(815301076,1909f56bfc062723c751e8b465ee728b)
Start importing Assets/Tests/Test_Davi/Scripts/BabyBottleController.cs using Guid(e90401e3ed60286c7a4c8dc40b022595) Importer(815301076,1909f56bfc062723c751e8b465ee728b) [PhysX] Initialized MultithreadedTaskDispatcher with 12 workers.
 -> (artifact id: '00000000000000000000000000000000') in 0.000424 seconds
Import Error Code:(4)
Message: Build asset version error: assets/tests/test_davi/scripts/babybottlecontroller.cs in SourceAssetDB has modification time of '2025-06-18T19:14:53Z' while content on disk has modification time of '2025-06-18T19:18:02Z'
  ERROR: Build asset version error: assets/tests/test_davi/scripts/babybottlecontroller.cs in SourceAssetDB has modification time of '2025-06-18T19:14:53Z' while content on disk has modification time of '2025-06-18T19:18:02Z'
Number of updated asset objects reloaded before import = 0
Number of asset objects unloaded after import = 0
========================================================================
Received Import Request.
  Time since last request: 1.003479 seconds.
  path: Assets/Tests/Test_Davi/Scripts/BabyBottleController.cs
  artifactKey: Guid(e90401e3ed60286c7a4c8dc40b022595) Importer(815301076,1909f56bfc062723c751e8b465ee728b)
Start importing Assets/Tests/Test_Davi/Scripts/BabyBottleController.cs using Guid(e90401e3ed60286c7a4c8dc40b022595) Importer(815301076,1909f56bfc062723c751e8b465ee728b) [PhysX] Initialized MultithreadedTaskDispatcher with 12 workers.
 -> (artifact id: '00000000000000000000000000000000') in 0.000463 seconds
Import Error Code:(4)
Message: Build asset version error: assets/tests/test_davi/scripts/babybottlecontroller.cs in SourceAssetDB has modification time of '2025-06-18T19:14:53Z' while content on disk has modification time of '2025-06-18T19:18:07Z'
  ERROR: Build asset version error: assets/tests/test_davi/scripts/babybottlecontroller.cs in SourceAssetDB has modification time of '2025-06-18T19:14:53Z' while content on disk has modification time of '2025-06-18T19:18:07Z'
Number of updated asset objects reloaded before import = 0
Number of asset objects unloaded after import = 0
========================================================================
Received Import Request.
  Time since last request: 1.003757 seconds.
  path: Assets/Tests/Test_Davi/Scripts/BabyBottleController.cs
  artifactKey: Guid(e90401e3ed60286c7a4c8dc40b022595) Importer(815301076,1909f56bfc062723c751e8b465ee728b)
Start importing Assets/Tests/Test_Davi/Scripts/BabyBottleController.cs using Guid(e90401e3ed60286c7a4c8dc40b022595) Importer(815301076,1909f56bfc062723c751e8b465ee728b) [PhysX] Initialized MultithreadedTaskDispatcher with 12 workers.
 -> (artifact id: '00000000000000000000000000000000') in 0.000469 seconds
Import Error Code:(4)
Message: Build asset version error: assets/tests/test_davi/scripts/babybottlecontroller.cs in SourceAssetDB has modification time of '2025-06-18T19:14:53Z' while content on disk has modification time of '2025-06-18T19:18:08Z'
  ERROR: Build asset version error: assets/tests/test_davi/scripts/babybottlecontroller.cs in SourceAssetDB has modification time of '2025-06-18T19:14:53Z' while content on disk has modification time of '2025-06-18T19:18:08Z'
Number of updated asset objects reloaded before import = 0
Number of asset objects unloaded after import = 0
========================================================================
Received Import Request.
  Time since last request: 1.003113 seconds.
  path: Assets/Tests/Test_Davi/Scripts/BabyBottleController.cs
  artifactKey: Guid(e90401e3ed60286c7a4c8dc40b022595) Importer(815301076,1909f56bfc062723c751e8b465ee728b)
Start importing Assets/Tests/Test_Davi/Scripts/BabyBottleController.cs using Guid(e90401e3ed60286c7a4c8dc40b022595) Importer(815301076,1909f56bfc062723c751e8b465ee728b) [PhysX] Initialized MultithreadedTaskDispatcher with 12 workers.
 -> (artifact id: '00000000000000000000000000000000') in 0.000443 seconds
Import Error Code:(4)
Message: Build asset version error: assets/tests/test_davi/scripts/babybottlecontroller.cs in SourceAssetDB has modification time of '2025-06-18T19:14:53Z' while content on disk has modification time of '2025-06-18T19:18:08Z'
  ERROR: Build asset version error: assets/tests/test_davi/scripts/babybottlecontroller.cs in SourceAssetDB has modification time of '2025-06-18T19:14:53Z' while content on disk has modification time of '2025-06-18T19:18:08Z'
Number of updated asset objects reloaded before import = 0
Number of asset objects unloaded after import = 0
========================================================================
Received Import Request.
  Time since last request: 1.003371 seconds.
  path: Assets/Tests/Test_Davi/Scripts/BabyBottleController.cs
  artifactKey: Guid(e90401e3ed60286c7a4c8dc40b022595) Importer(815301076,1909f56bfc062723c751e8b465ee728b)
Start importing Assets/Tests/Test_Davi/Scripts/BabyBottleController.cs using Guid(e90401e3ed60286c7a4c8dc40b022595) Importer(815301076,1909f56bfc062723c751e8b465ee728b) [PhysX] Initialized MultithreadedTaskDispatcher with 12 workers.
 -> (artifact id: '00000000000000000000000000000000') in 0.000472 seconds
Import Error Code:(4)
Message: Build asset version error: assets/tests/test_davi/scripts/babybottlecontroller.cs in SourceAssetDB has modification time of '2025-06-18T19:14:53Z' while content on disk has modification time of '2025-06-18T19:18:08Z'
  ERROR: Build asset version error: assets/tests/test_davi/scripts/babybottlecontroller.cs in SourceAssetDB has modification time of '2025-06-18T19:14:53Z' while content on disk has modification time of '2025-06-18T19:18:08Z'
Number of updated asset objects reloaded before import = 0
Number of asset objects unloaded after import = 0
========================================================================
Received Import Request.
  Time since last request: 1.002587 seconds.
  path: Assets/Tests/Test_Davi/Scripts/BabyBottleController.cs
  artifactKey: Guid(e90401e3ed60286c7a4c8dc40b022595) Importer(815301076,1909f56bfc062723c751e8b465ee728b)
Start importing Assets/Tests/Test_Davi/Scripts/BabyBottleController.cs using Guid(e90401e3ed60286c7a4c8dc40b022595) Importer(815301076,1909f56bfc062723c751e8b465ee728b) [PhysX] Initialized MultithreadedTaskDispatcher with 12 workers.
 -> (artifact id: '00000000000000000000000000000000') in 0.000480 seconds
Import Error Code:(4)
Message: Build asset version error: assets/tests/test_davi/scripts/babybottlecontroller.cs in SourceAssetDB has modification time of '2025-06-18T19:14:53Z' while content on disk has modification time of '2025-06-18T19:18:11Z'
  ERROR: Build asset version error: assets/tests/test_davi/scripts/babybottlecontroller.cs in SourceAssetDB has modification time of '2025-06-18T19:14:53Z' while content on disk has modification time of '2025-06-18T19:18:11Z'
Number of updated asset objects reloaded before import = 0
Number of asset objects unloaded after import = 0
========================================================================
Received Import Request.
  Time since last request: 1.004348 seconds.
  path: Assets/Tests/Test_Davi/Scripts/BabyBottleController.cs
  artifactKey: Guid(e90401e3ed60286c7a4c8dc40b022595) Importer(815301076,1909f56bfc062723c751e8b465ee728b)
Start importing Assets/Tests/Test_Davi/Scripts/BabyBottleController.cs using Guid(e90401e3ed60286c7a4c8dc40b022595) Importer(815301076,1909f56bfc062723c751e8b465ee728b) [PhysX] Initialized MultithreadedTaskDispatcher with 12 workers.
 -> (artifact id: '00000000000000000000000000000000') in 0.000499 seconds
Import Error Code:(4)
Message: Build asset version error: assets/tests/test_davi/scripts/babybottlecontroller.cs in SourceAssetDB has modification time of '2025-06-18T19:14:53Z' while content on disk has modification time of '2025-06-18T19:18:11Z'
  ERROR: Build asset version error: assets/tests/test_davi/scripts/babybottlecontroller.cs in SourceAssetDB has modification time of '2025-06-18T19:14:53Z' while content on disk has modification time of '2025-06-18T19:18:11Z'
Number of updated asset objects reloaded before import = 0
Number of asset objects unloaded after import = 0
========================================================================
Received Import Request.
  Time since last request: 1.003102 seconds.
  path: Assets/Tests/Test_Davi/Scripts/BabyBottleController.cs
  artifactKey: Guid(e90401e3ed60286c7a4c8dc40b022595) Importer(815301076,1909f56bfc062723c751e8b465ee728b)
Start importing Assets/Tests/Test_Davi/Scripts/BabyBottleController.cs using Guid(e90401e3ed60286c7a4c8dc40b022595) Importer(815301076,1909f56bfc062723c751e8b465ee728b) [PhysX] Initialized MultithreadedTaskDispatcher with 12 workers.
 -> (artifact id: '00000000000000000000000000000000') in 0.000564 seconds
Import Error Code:(4)
Message: Build asset version error: assets/tests/test_davi/scripts/babybottlecontroller.cs in SourceAssetDB has modification time of '2025-06-18T19:14:53Z' while content on disk has modification time of '2025-06-18T19:18:11Z'
  ERROR: Build asset version error: assets/tests/test_davi/scripts/babybottlecontroller.cs in SourceAssetDB has modification time of '2025-06-18T19:14:53Z' while content on disk has modification time of '2025-06-18T19:18:11Z'
Number of updated asset objects reloaded before import = 0
Number of asset objects unloaded after import = 0
========================================================================
Received Import Request.
  Time since last request: 1.003960 seconds.
  path: Assets/Tests/Test_Davi/Scripts/BabyBottleController.cs
  artifactKey: Guid(e90401e3ed60286c7a4c8dc40b022595) Importer(815301076,1909f56bfc062723c751e8b465ee728b)
Start importing Assets/Tests/Test_Davi/Scripts/BabyBottleController.cs using Guid(e90401e3ed60286c7a4c8dc40b022595) Importer(815301076,1909f56bfc062723c751e8b465ee728b) [PhysX] Initialized MultithreadedTaskDispatcher with 12 workers.
 -> (artifact id: '00000000000000000000000000000000') in 0.000448 seconds
Import Error Code:(4)
Message: Build asset version error: assets/tests/test_davi/scripts/babybottlecontroller.cs in SourceAssetDB has modification time of '2025-06-18T19:14:53Z' while content on disk has modification time of '2025-06-18T19:18:11Z'
  ERROR: Build asset version error: assets/tests/test_davi/scripts/babybottlecontroller.cs in SourceAssetDB has modification time of '2025-06-18T19:14:53Z' while content on disk has modification time of '2025-06-18T19:18:11Z'
Number of updated asset objects reloaded before import = 0
Number of asset objects unloaded after import = 0
========================================================================
Received Import Request.
  Time since last request: 1.004441 seconds.
  path: Assets/Tests/Test_Davi/Scripts/BabyBottleController.cs
  artifactKey: Guid(e90401e3ed60286c7a4c8dc40b022595) Importer(815301076,1909f56bfc062723c751e8b465ee728b)
Start importing Assets/Tests/Test_Davi/Scripts/BabyBottleController.cs using Guid(e90401e3ed60286c7a4c8dc40b022595) Importer(815301076,1909f56bfc062723c751e8b465ee728b) [PhysX] Initialized MultithreadedTaskDispatcher with 12 workers.
 -> (artifact id: '00000000000000000000000000000000') in 0.000464 seconds
Import Error Code:(4)
Message: Build asset version error: assets/tests/test_davi/scripts/babybottlecontroller.cs in SourceAssetDB has modification time of '2025-06-18T19:14:53Z' while content on disk has modification time of '2025-06-18T19:18:11Z'
  ERROR: Build asset version error: assets/tests/test_davi/scripts/babybottlecontroller.cs in SourceAssetDB has modification time of '2025-06-18T19:14:53Z' while content on disk has modification time of '2025-06-18T19:18:11Z'
Number of updated asset objects reloaded before import = 0
Number of asset objects unloaded after import = 0
========================================================================
Received Import Request.
  Time since last request: 1.002848 seconds.
  path: Assets/Tests/Test_Davi/Scripts/BabyBottleController.cs
  artifactKey: Guid(e90401e3ed60286c7a4c8dc40b022595) Importer(815301076,1909f56bfc062723c751e8b465ee728b)
Start importing Assets/Tests/Test_Davi/Scripts/BabyBottleController.cs using Guid(e90401e3ed60286c7a4c8dc40b022595) Importer(815301076,1909f56bfc062723c751e8b465ee728b) [PhysX] Initialized MultithreadedTaskDispatcher with 12 workers.
 -> (artifact id: '00000000000000000000000000000000') in 0.000497 seconds
Import Error Code:(4)
Message: Build asset version error: assets/tests/test_davi/scripts/babybottlecontroller.cs in SourceAssetDB has modification time of '2025-06-18T19:14:53Z' while content on disk has modification time of '2025-06-18T19:18:11Z'
  ERROR: Build asset version error: assets/tests/test_davi/scripts/babybottlecontroller.cs in SourceAssetDB has modification time of '2025-06-18T19:14:53Z' while content on disk has modification time of '2025-06-18T19:18:11Z'
Number of updated asset objects reloaded before import = 0
Number of asset objects unloaded after import = 0
========================================================================
Received Import Request.
  Time since last request: 1.002918 seconds.
  path: Assets/Tests/Test_Davi/Scripts/BabyBottleController.cs
  artifactKey: Guid(e90401e3ed60286c7a4c8dc40b022595) Importer(815301076,1909f56bfc062723c751e8b465ee728b)
Start importing Assets/Tests/Test_Davi/Scripts/BabyBottleController.cs using Guid(e90401e3ed60286c7a4c8dc40b022595) Importer(815301076,1909f56bfc062723c751e8b465ee728b) [PhysX] Initialized MultithreadedTaskDispatcher with 12 workers.
 -> (artifact id: '00000000000000000000000000000000') in 0.000416 seconds
Import Error Code:(4)
Message: Build asset version error: assets/tests/test_davi/scripts/babybottlecontroller.cs in SourceAssetDB has modification time of '2025-06-18T19:14:53Z' while content on disk has modification time of '2025-06-18T19:18:17Z'
  ERROR: Build asset version error: assets/tests/test_davi/scripts/babybottlecontroller.cs in SourceAssetDB has modification time of '2025-06-18T19:14:53Z' while content on disk has modification time of '2025-06-18T19:18:17Z'
Number of updated asset objects reloaded before import = 0
Number of asset objects unloaded after import = 0
========================================================================
Received Import Request.
  Time since last request: 1.003952 seconds.
  path: Assets/Tests/Test_Davi/Scripts/BabyBottleController.cs
  artifactKey: Guid(e90401e3ed60286c7a4c8dc40b022595) Importer(815301076,1909f56bfc062723c751e8b465ee728b)
Start importing Assets/Tests/Test_Davi/Scripts/BabyBottleController.cs using Guid(e90401e3ed60286c7a4c8dc40b022595) Importer(815301076,1909f56bfc062723c751e8b465ee728b) [PhysX] Initialized MultithreadedTaskDispatcher with 12 workers.
 -> (artifact id: '00000000000000000000000000000000') in 0.000455 seconds
Import Error Code:(4)
Message: Build asset version error: assets/tests/test_davi/scripts/babybottlecontroller.cs in SourceAssetDB has modification time of '2025-06-18T19:14:53Z' while content on disk has modification time of '2025-06-18T19:18:17Z'
  ERROR: Build asset version error: assets/tests/test_davi/scripts/babybottlecontroller.cs in SourceAssetDB has modification time of '2025-06-18T19:14:53Z' while content on disk has modification time of '2025-06-18T19:18:17Z'
Number of updated asset objects reloaded before import = 0
Number of asset objects unloaded after import = 0
========================================================================
Received Import Request.
  Time since last request: 1.004066 seconds.
  path: Assets/Tests/Test_Davi/Scripts/BabyBottleController.cs
  artifactKey: Guid(e90401e3ed60286c7a4c8dc40b022595) Importer(815301076,1909f56bfc062723c751e8b465ee728b)
Start importing Assets/Tests/Test_Davi/Scripts/BabyBottleController.cs using Guid(e90401e3ed60286c7a4c8dc40b022595) Importer(815301076,1909f56bfc062723c751e8b465ee728b) [PhysX] Initialized MultithreadedTaskDispatcher with 12 workers.
 -> (artifact id: '00000000000000000000000000000000') in 0.000458 seconds
Import Error Code:(4)
Message: Build asset version error: assets/tests/test_davi/scripts/babybottlecontroller.cs in SourceAssetDB has modification time of '2025-06-18T19:14:53Z' while content on disk has modification time of '2025-06-18T19:18:17Z'
  ERROR: Build asset version error: assets/tests/test_davi/scripts/babybottlecontroller.cs in SourceAssetDB has modification time of '2025-06-18T19:14:53Z' while content on disk has modification time of '2025-06-18T19:18:17Z'
Number of updated asset objects reloaded before import = 0
Number of asset objects unloaded after import = 0
========================================================================
Received Import Request.
  Time since last request: 1.004232 seconds.
  path: Assets/Tests/Test_Davi/Scripts/BabyBottleController.cs
  artifactKey: Guid(e90401e3ed60286c7a4c8dc40b022595) Importer(815301076,1909f56bfc062723c751e8b465ee728b)
Start importing Assets/Tests/Test_Davi/Scripts/BabyBottleController.cs using Guid(e90401e3ed60286c7a4c8dc40b022595) Importer(815301076,1909f56bfc062723c751e8b465ee728b) [PhysX] Initialized MultithreadedTaskDispatcher with 12 workers.
 -> (artifact id: '00000000000000000000000000000000') in 0.000460 seconds
Import Error Code:(4)
Message: Build asset version error: assets/tests/test_davi/scripts/babybottlecontroller.cs in SourceAssetDB has modification time of '2025-06-18T19:14:53Z' while content on disk has modification time of '2025-06-18T19:18:21Z'
  ERROR: Build asset version error: assets/tests/test_davi/scripts/babybottlecontroller.cs in SourceAssetDB has modification time of '2025-06-18T19:14:53Z' while content on disk has modification time of '2025-06-18T19:18:21Z'
Number of updated asset objects reloaded before import = 0
Number of asset objects unloaded after import = 0
========================================================================
Received Import Request.
  Time since last request: 1.004186 seconds.
  path: Assets/Tests/Test_Davi/Scripts/BabyBottleController.cs
  artifactKey: Guid(e90401e3ed60286c7a4c8dc40b022595) Importer(815301076,1909f56bfc062723c751e8b465ee728b)
Start importing Assets/Tests/Test_Davi/Scripts/BabyBottleController.cs using Guid(e90401e3ed60286c7a4c8dc40b022595) Importer(815301076,1909f56bfc062723c751e8b465ee728b) [PhysX] Initialized MultithreadedTaskDispatcher with 12 workers.
 -> (artifact id: '00000000000000000000000000000000') in 0.000517 seconds
Import Error Code:(4)
Message: Build asset version error: assets/tests/test_davi/scripts/babybottlecontroller.cs in SourceAssetDB has modification time of '2025-06-18T19:14:53Z' while content on disk has modification time of '2025-06-18T19:18:21Z'
  ERROR: Build asset version error: assets/tests/test_davi/scripts/babybottlecontroller.cs in SourceAssetDB has modification time of '2025-06-18T19:14:53Z' while content on disk has modification time of '2025-06-18T19:18:21Z'
Number of updated asset objects reloaded before import = 0
Number of asset objects unloaded after import = 0
========================================================================
Received Import Request.
  Time since last request: 1.004822 seconds.
  path: Assets/Tests/Test_Davi/Scripts/BabyBottleController.cs
  artifactKey: Guid(e90401e3ed60286c7a4c8dc40b022595) Importer(815301076,1909f56bfc062723c751e8b465ee728b)
Start importing Assets/Tests/Test_Davi/Scripts/BabyBottleController.cs using Guid(e90401e3ed60286c7a4c8dc40b022595) Importer(815301076,1909f56bfc062723c751e8b465ee728b) [PhysX] Initialized MultithreadedTaskDispatcher with 12 workers.
 -> (artifact id: '00000000000000000000000000000000') in 0.000731 seconds
Import Error Code:(4)
Message: Build asset version error: assets/tests/test_davi/scripts/babybottlecontroller.cs in SourceAssetDB has modification time of '2025-06-18T19:14:53Z' while content on disk has modification time of '2025-06-18T19:18:21Z'
  ERROR: Build asset version error: assets/tests/test_davi/scripts/babybottlecontroller.cs in SourceAssetDB has modification time of '2025-06-18T19:14:53Z' while content on disk has modification time of '2025-06-18T19:18:21Z'
Number of updated asset objects reloaded before import = 0
Number of asset objects unloaded after import = 0
========================================================================
Received Import Request.
  Time since last request: 1.004066 seconds.
  path: Assets/Tests/Test_Davi/Scripts/BabyBottleController.cs
  artifactKey: Guid(e90401e3ed60286c7a4c8dc40b022595) Importer(815301076,1909f56bfc062723c751e8b465ee728b)
Start importing Assets/Tests/Test_Davi/Scripts/BabyBottleController.cs using Guid(e90401e3ed60286c7a4c8dc40b022595) Importer(815301076,1909f56bfc062723c751e8b465ee728b) [PhysX] Initialized MultithreadedTaskDispatcher with 12 workers.
 -> (artifact id: '00000000000000000000000000000000') in 0.000526 seconds
Import Error Code:(4)
Message: Build asset version error: assets/tests/test_davi/scripts/babybottlecontroller.cs in SourceAssetDB has modification time of '2025-06-18T19:14:53Z' while content on disk has modification time of '2025-06-18T19:18:21Z'
  ERROR: Build asset version error: assets/tests/test_davi/scripts/babybottlecontroller.cs in SourceAssetDB has modification time of '2025-06-18T19:14:53Z' while content on disk has modification time of '2025-06-18T19:18:21Z'
Number of updated asset objects reloaded before import = 0
Number of asset objects unloaded after import = 0
========================================================================
Received Import Request.
  Time since last request: 1.003870 seconds.
  path: Assets/Tests/Test_Davi/Scripts/BabyBottleController.cs
  artifactKey: Guid(e90401e3ed60286c7a4c8dc40b022595) Importer(815301076,1909f56bfc062723c751e8b465ee728b)
Start importing Assets/Tests/Test_Davi/Scripts/BabyBottleController.cs using Guid(e90401e3ed60286c7a4c8dc40b022595) Importer(815301076,1909f56bfc062723c751e8b465ee728b) [PhysX] Initialized MultithreadedTaskDispatcher with 12 workers.
 -> (artifact id: '00000000000000000000000000000000') in 0.000509 seconds
Import Error Code:(4)
Message: Build asset version error: assets/tests/test_davi/scripts/babybottlecontroller.cs in SourceAssetDB has modification time of '2025-06-18T19:14:53Z' while content on disk has modification time of '2025-06-18T19:18:21Z'
  ERROR: Build asset version error: assets/tests/test_davi/scripts/babybottlecontroller.cs in SourceAssetDB has modification time of '2025-06-18T19:14:53Z' while content on disk has modification time of '2025-06-18T19:18:21Z'
Number of updated asset objects reloaded before import = 0
Number of asset objects unloaded after import = 0
========================================================================
Received Import Request.
  Time since last request: 1.004622 seconds.
  path: Assets/Tests/Test_Davi/Scripts/BabyBottleController.cs
  artifactKey: Guid(e90401e3ed60286c7a4c8dc40b022595) Importer(815301076,1909f56bfc062723c751e8b465ee728b)
Start importing Assets/Tests/Test_Davi/Scripts/BabyBottleController.cs using Guid(e90401e3ed60286c7a4c8dc40b022595) Importer(815301076,1909f56bfc062723c751e8b465ee728b) [PhysX] Initialized MultithreadedTaskDispatcher with 12 workers.
 -> (artifact id: '00000000000000000000000000000000') in 0.000830 seconds
Import Error Code:(4)
Message: Build asset version error: assets/tests/test_davi/scripts/babybottlecontroller.cs in SourceAssetDB has modification time of '2025-06-18T19:14:53Z' while content on disk has modification time of '2025-06-18T19:18:21Z'
  ERROR: Build asset version error: assets/tests/test_davi/scripts/babybottlecontroller.cs in SourceAssetDB has modification time of '2025-06-18T19:14:53Z' while content on disk has modification time of '2025-06-18T19:18:21Z'
Number of updated asset objects reloaded before import = 0
Number of asset objects unloaded after import = 0
========================================================================
Received Import Request.
  Time since last request: 1.003769 seconds.
  path: Assets/Tests/Test_Davi/Scripts/BabyBottleController.cs
  artifactKey: Guid(e90401e3ed60286c7a4c8dc40b022595) Importer(815301076,1909f56bfc062723c751e8b465ee728b)
Start importing Assets/Tests/Test_Davi/Scripts/BabyBottleController.cs using Guid(e90401e3ed60286c7a4c8dc40b022595) Importer(815301076,1909f56bfc062723c751e8b465ee728b) [PhysX] Initialized MultithreadedTaskDispatcher with 12 workers.
 -> (artifact id: '00000000000000000000000000000000') in 0.000474 seconds
Import Error Code:(4)
Message: Build asset version error: assets/tests/test_davi/scripts/babybottlecontroller.cs in SourceAssetDB has modification time of '2025-06-18T19:14:53Z' while content on disk has modification time of '2025-06-18T19:18:26Z'
  ERROR: Build asset version error: assets/tests/test_davi/scripts/babybottlecontroller.cs in SourceAssetDB has modification time of '2025-06-18T19:14:53Z' while content on disk has modification time of '2025-06-18T19:18:26Z'
Number of updated asset objects reloaded before import = 0
Number of asset objects unloaded after import = 0
========================================================================
Received Import Request.
  Time since last request: 1.003162 seconds.
  path: Assets/Tests/Test_Davi/Scripts/BabyBottleController.cs
  artifactKey: Guid(e90401e3ed60286c7a4c8dc40b022595) Importer(815301076,1909f56bfc062723c751e8b465ee728b)
Start importing Assets/Tests/Test_Davi/Scripts/BabyBottleController.cs using Guid(e90401e3ed60286c7a4c8dc40b022595) Importer(815301076,1909f56bfc062723c751e8b465ee728b) [PhysX] Initialized MultithreadedTaskDispatcher with 12 workers.
 -> (artifact id: '00000000000000000000000000000000') in 0.000400 seconds
Import Error Code:(4)
Message: Build asset version error: assets/tests/test_davi/scripts/babybottlecontroller.cs in SourceAssetDB has modification time of '2025-06-18T19:14:53Z' while content on disk has modification time of '2025-06-18T19:18:26Z'
  ERROR: Build asset version error: assets/tests/test_davi/scripts/babybottlecontroller.cs in SourceAssetDB has modification time of '2025-06-18T19:14:53Z' while content on disk has modification time of '2025-06-18T19:18:26Z'
Number of updated asset objects reloaded before import = 0
Number of asset objects unloaded after import = 0
========================================================================
Received Import Request.
  Time since last request: 1.002591 seconds.
  path: Assets/Tests/Test_Davi/Scripts/BabyBottleController.cs
  artifactKey: Guid(e90401e3ed60286c7a4c8dc40b022595) Importer(815301076,1909f56bfc062723c751e8b465ee728b)
Start importing Assets/Tests/Test_Davi/Scripts/BabyBottleController.cs using Guid(e90401e3ed60286c7a4c8dc40b022595) Importer(815301076,1909f56bfc062723c751e8b465ee728b) [PhysX] Initialized MultithreadedTaskDispatcher with 12 workers.
 -> (artifact id: '00000000000000000000000000000000') in 0.000479 seconds
Import Error Code:(4)
Message: Build asset version error: assets/tests/test_davi/scripts/babybottlecontroller.cs in SourceAssetDB has modification time of '2025-06-18T19:14:53Z' while content on disk has modification time of '2025-06-18T19:18:26Z'
  ERROR: Build asset version error: assets/tests/test_davi/scripts/babybottlecontroller.cs in SourceAssetDB has modification time of '2025-06-18T19:14:53Z' while content on disk has modification time of '2025-06-18T19:18:26Z'
Number of updated asset objects reloaded before import = 0
Number of asset objects unloaded after import = 0
========================================================================
Received Import Request.
  Time since last request: 1.004542 seconds.
  path: Assets/Tests/Test_Davi/Scripts/BabyBottleController.cs
  artifactKey: Guid(e90401e3ed60286c7a4c8dc40b022595) Importer(815301076,1909f56bfc062723c751e8b465ee728b)
Start importing Assets/Tests/Test_Davi/Scripts/BabyBottleController.cs using Guid(e90401e3ed60286c7a4c8dc40b022595) Importer(815301076,1909f56bfc062723c751e8b465ee728b) [PhysX] Initialized MultithreadedTaskDispatcher with 12 workers.
 -> (artifact id: '00000000000000000000000000000000') in 0.000656 seconds
Import Error Code:(4)
Message: Build asset version error: assets/tests/test_davi/scripts/babybottlecontroller.cs in SourceAssetDB has modification time of '2025-06-18T19:14:53Z' while content on disk has modification time of '2025-06-18T19:18:26Z'
  ERROR: Build asset version error: assets/tests/test_davi/scripts/babybottlecontroller.cs in SourceAssetDB has modification time of '2025-06-18T19:14:53Z' while content on disk has modification time of '2025-06-18T19:18:26Z'
Number of updated asset objects reloaded before import = 0
Number of asset objects unloaded after import = 0
========================================================================
Received Import Request.
  Time since last request: 1.003790 seconds.
  path: Assets/Tests/Test_Davi/Scripts/BabyBottleController.cs
  artifactKey: Guid(e90401e3ed60286c7a4c8dc40b022595) Importer(815301076,1909f56bfc062723c751e8b465ee728b)
Start importing Assets/Tests/Test_Davi/Scripts/BabyBottleController.cs using Guid(e90401e3ed60286c7a4c8dc40b022595) Importer(815301076,1909f56bfc062723c751e8b465ee728b) [PhysX] Initialized MultithreadedTaskDispatcher with 12 workers.
 -> (artifact id: '00000000000000000000000000000000') in 0.000420 seconds
Import Error Code:(4)
Message: Build asset version error: assets/tests/test_davi/scripts/babybottlecontroller.cs in SourceAssetDB has modification time of '2025-06-18T19:14:53Z' while content on disk has modification time of '2025-06-18T19:18:26Z'
  ERROR: Build asset version error: assets/tests/test_davi/scripts/babybottlecontroller.cs in SourceAssetDB has modification time of '2025-06-18T19:14:53Z' while content on disk has modification time of '2025-06-18T19:18:26Z'
Number of updated asset objects reloaded before import = 0
Number of asset objects unloaded after import = 0
========================================================================
Received Import Request.
  Time since last request: 1.003665 seconds.
  path: Assets/Tests/Test_Davi/Scripts/BabyBottleController.cs
  artifactKey: Guid(e90401e3ed60286c7a4c8dc40b022595) Importer(815301076,1909f56bfc062723c751e8b465ee728b)
Start importing Assets/Tests/Test_Davi/Scripts/BabyBottleController.cs using Guid(e90401e3ed60286c7a4c8dc40b022595) Importer(815301076,1909f56bfc062723c751e8b465ee728b) [PhysX] Initialized MultithreadedTaskDispatcher with 12 workers.
 -> (artifact id: '00000000000000000000000000000000') in 0.000537 seconds
Import Error Code:(4)
Message: Build asset version error: assets/tests/test_davi/scripts/babybottlecontroller.cs in SourceAssetDB has modification time of '2025-06-18T19:14:53Z' while content on disk has modification time of '2025-06-18T19:18:26Z'
  ERROR: Build asset version error: assets/tests/test_davi/scripts/babybottlecontroller.cs in SourceAssetDB has modification time of '2025-06-18T19:14:53Z' while content on disk has modification time of '2025-06-18T19:18:26Z'
Number of updated asset objects reloaded before import = 0
Number of asset objects unloaded after import = 0
========================================================================
Received Import Request.
  Time since last request: 1.005562 seconds.
  path: Assets/Tests/Test_Davi/Scripts/BabyBottleController.cs
  artifactKey: Guid(e90401e3ed60286c7a4c8dc40b022595) Importer(815301076,1909f56bfc062723c751e8b465ee728b)
Start importing Assets/Tests/Test_Davi/Scripts/BabyBottleController.cs using Guid(e90401e3ed60286c7a4c8dc40b022595) Importer(815301076,1909f56bfc062723c751e8b465ee728b) [PhysX] Initialized MultithreadedTaskDispatcher with 12 workers.
 -> (artifact id: '00000000000000000000000000000000') in 0.000779 seconds
Import Error Code:(4)
Message: Build asset version error: assets/tests/test_davi/scripts/babybottlecontroller.cs in SourceAssetDB has modification time of '2025-06-18T19:14:53Z' while content on disk has modification time of '2025-06-18T19:18:26Z'
  ERROR: Build asset version error: assets/tests/test_davi/scripts/babybottlecontroller.cs in SourceAssetDB has modification time of '2025-06-18T19:14:53Z' while content on disk has modification time of '2025-06-18T19:18:26Z'
Number of updated asset objects reloaded before import = 0
Number of asset objects unloaded after import = 0
========================================================================
Received Import Request.
  Time since last request: 1.003129 seconds.
  path: Assets/Tests/Test_Davi/Scripts/BabyBottleController.cs
  artifactKey: Guid(e90401e3ed60286c7a4c8dc40b022595) Importer(815301076,1909f56bfc062723c751e8b465ee728b)
Start importing Assets/Tests/Test_Davi/Scripts/BabyBottleController.cs using Guid(e90401e3ed60286c7a4c8dc40b022595) Importer(815301076,1909f56bfc062723c751e8b465ee728b) [PhysX] Initialized MultithreadedTaskDispatcher with 12 workers.
 -> (artifact id: '00000000000000000000000000000000') in 0.000502 seconds
Import Error Code:(4)
Message: Build asset version error: assets/tests/test_davi/scripts/babybottlecontroller.cs in SourceAssetDB has modification time of '2025-06-18T19:14:53Z' while content on disk has modification time of '2025-06-18T19:18:26Z'
  ERROR: Build asset version error: assets/tests/test_davi/scripts/babybottlecontroller.cs in SourceAssetDB has modification time of '2025-06-18T19:14:53Z' while content on disk has modification time of '2025-06-18T19:18:26Z'
Number of updated asset objects reloaded before import = 0
Number of asset objects unloaded after import = 0
========================================================================
Received Import Request.
  Time since last request: 1.003243 seconds.
  path: Assets/Tests/Test_Davi/Scripts/BabyBottleController.cs
  artifactKey: Guid(e90401e3ed60286c7a4c8dc40b022595) Importer(815301076,1909f56bfc062723c751e8b465ee728b)
Start importing Assets/Tests/Test_Davi/Scripts/BabyBottleController.cs using Guid(e90401e3ed60286c7a4c8dc40b022595) Importer(815301076,1909f56bfc062723c751e8b465ee728b) [PhysX] Initialized MultithreadedTaskDispatcher with 12 workers.
 -> (artifact id: '00000000000000000000000000000000') in 0.000470 seconds
Import Error Code:(4)
Message: Build asset version error: assets/tests/test_davi/scripts/babybottlecontroller.cs in SourceAssetDB has modification time of '2025-06-18T19:14:53Z' while content on disk has modification time of '2025-06-18T19:18:34Z'
  ERROR: Build asset version error: assets/tests/test_davi/scripts/babybottlecontroller.cs in SourceAssetDB has modification time of '2025-06-18T19:14:53Z' while content on disk has modification time of '2025-06-18T19:18:34Z'
Number of updated asset objects reloaded before import = 0
Number of asset objects unloaded after import = 0
========================================================================
Received Import Request.
  Time since last request: 1.002944 seconds.
  path: Assets/Tests/Test_Davi/Scripts/BabyBottleController.cs
  artifactKey: Guid(e90401e3ed60286c7a4c8dc40b022595) Importer(815301076,1909f56bfc062723c751e8b465ee728b)
Start importing Assets/Tests/Test_Davi/Scripts/BabyBottleController.cs using Guid(e90401e3ed60286c7a4c8dc40b022595) Importer(815301076,1909f56bfc062723c751e8b465ee728b) [PhysX] Initialized MultithreadedTaskDispatcher with 12 workers.
 -> (artifact id: '00000000000000000000000000000000') in 0.000451 seconds
Import Error Code:(4)
Message: Build asset version error: assets/tests/test_davi/scripts/babybottlecontroller.cs in SourceAssetDB has modification time of '2025-06-18T19:14:53Z' while content on disk has modification time of '2025-06-18T19:18:35Z'
  ERROR: Build asset version error: assets/tests/test_davi/scripts/babybottlecontroller.cs in SourceAssetDB has modification time of '2025-06-18T19:14:53Z' while content on disk has modification time of '2025-06-18T19:18:35Z'
Number of updated asset objects reloaded before import = 0
Number of asset objects unloaded after import = 0
========================================================================
Received Import Request.
  Time since last request: 1.006462 seconds.
  path: Assets/Tests/Test_Davi/Scripts/BabyBottleController.cs
  artifactKey: Guid(e90401e3ed60286c7a4c8dc40b022595) Importer(815301076,1909f56bfc062723c751e8b465ee728b)
Start importing Assets/Tests/Test_Davi/Scripts/BabyBottleController.cs using Guid(e90401e3ed60286c7a4c8dc40b022595) Importer(815301076,1909f56bfc062723c751e8b465ee728b) [PhysX] Initialized MultithreadedTaskDispatcher with 12 workers.
 -> (artifact id: '00000000000000000000000000000000') in 0.000808 seconds
Import Error Code:(4)
Message: Build asset version error: assets/tests/test_davi/scripts/babybottlecontroller.cs in SourceAssetDB has modification time of '2025-06-18T19:14:53Z' while content on disk has modification time of '2025-06-18T19:18:36Z'
  ERROR: Build asset version error: assets/tests/test_davi/scripts/babybottlecontroller.cs in SourceAssetDB has modification time of '2025-06-18T19:14:53Z' while content on disk has modification time of '2025-06-18T19:18:36Z'
Number of updated asset objects reloaded before import = 0
Number of asset objects unloaded after import = 0
========================================================================
Received Import Request.
  Time since last request: 1.006161 seconds.
  path: Assets/Tests/Test_Davi/Scripts/BabyBottleController.cs
  artifactKey: Guid(e90401e3ed60286c7a4c8dc40b022595) Importer(815301076,1909f56bfc062723c751e8b465ee728b)
Start importing Assets/Tests/Test_Davi/Scripts/BabyBottleController.cs using Guid(e90401e3ed60286c7a4c8dc40b022595) Importer(815301076,1909f56bfc062723c751e8b465ee728b) [PhysX] Initialized MultithreadedTaskDispatcher with 12 workers.
 -> (artifact id: '00000000000000000000000000000000') in 0.000479 seconds
Import Error Code:(4)
Message: Build asset version error: assets/tests/test_davi/scripts/babybottlecontroller.cs in SourceAssetDB has modification time of '2025-06-18T19:14:53Z' while content on disk has modification time of '2025-06-18T19:18:36Z'
  ERROR: Build asset version error: assets/tests/test_davi/scripts/babybottlecontroller.cs in SourceAssetDB has modification time of '2025-06-18T19:14:53Z' while content on disk has modification time of '2025-06-18T19:18:36Z'
Number of updated asset objects reloaded before import = 0
Number of asset objects unloaded after import = 0
========================================================================
Received Import Request.
  Time since last request: 1.004068 seconds.
  path: Assets/Tests/Test_Davi/Scripts/BabyBottleController.cs
  artifactKey: Guid(e90401e3ed60286c7a4c8dc40b022595) Importer(815301076,1909f56bfc062723c751e8b465ee728b)
Start importing Assets/Tests/Test_Davi/Scripts/BabyBottleController.cs using Guid(e90401e3ed60286c7a4c8dc40b022595) Importer(815301076,1909f56bfc062723c751e8b465ee728b) [PhysX] Initialized MultithreadedTaskDispatcher with 12 workers.
 -> (artifact id: '00000000000000000000000000000000') in 0.000773 seconds
Import Error Code:(4)
Message: Build asset version error: assets/tests/test_davi/scripts/babybottlecontroller.cs in SourceAssetDB has modification time of '2025-06-18T19:14:53Z' while content on disk has modification time of '2025-06-18T19:18:38Z'
  ERROR: Build asset version error: assets/tests/test_davi/scripts/babybottlecontroller.cs in SourceAssetDB has modification time of '2025-06-18T19:14:53Z' while content on disk has modification time of '2025-06-18T19:18:38Z'
Number of updated asset objects reloaded before import = 0
Number of asset objects unloaded after import = 0
========================================================================
Received Import Request.
  Time since last request: 1.004455 seconds.
  path: Assets/Tests/Test_Davi/Scripts/BabyBottleController.cs
  artifactKey: Guid(e90401e3ed60286c7a4c8dc40b022595) Importer(815301076,1909f56bfc062723c751e8b465ee728b)
Start importing Assets/Tests/Test_Davi/Scripts/BabyBottleController.cs using Guid(e90401e3ed60286c7a4c8dc40b022595) Importer(815301076,1909f56bfc062723c751e8b465ee728b) [PhysX] Initialized MultithreadedTaskDispatcher with 12 workers.
 -> (artifact id: '00000000000000000000000000000000') in 0.000440 seconds
Import Error Code:(4)
Message: Build asset version error: assets/tests/test_davi/scripts/babybottlecontroller.cs in SourceAssetDB has modification time of '2025-06-18T19:14:53Z' while content on disk has modification time of '2025-06-18T19:18:38Z'
  ERROR: Build asset version error: assets/tests/test_davi/scripts/babybottlecontroller.cs in SourceAssetDB has modification time of '2025-06-18T19:14:53Z' while content on disk has modification time of '2025-06-18T19:18:38Z'
Number of updated asset objects reloaded before import = 0
Number of asset objects unloaded after import = 0
========================================================================
Received Import Request.
  Time since last request: 1.004436 seconds.
  path: Assets/Tests/Test_Davi/Scripts/BabyBottleController.cs
  artifactKey: Guid(e90401e3ed60286c7a4c8dc40b022595) Importer(815301076,1909f56bfc062723c751e8b465ee728b)
Start importing Assets/Tests/Test_Davi/Scripts/BabyBottleController.cs using Guid(e90401e3ed60286c7a4c8dc40b022595) Importer(815301076,1909f56bfc062723c751e8b465ee728b) [PhysX] Initialized MultithreadedTaskDispatcher with 12 workers.
 -> (artifact id: '00000000000000000000000000000000') in 0.000392 seconds
Import Error Code:(4)
Message: Build asset version error: assets/tests/test_davi/scripts/babybottlecontroller.cs in SourceAssetDB has modification time of '2025-06-18T19:14:53Z' while content on disk has modification time of '2025-06-18T19:18:41Z'
  ERROR: Build asset version error: assets/tests/test_davi/scripts/babybottlecontroller.cs in SourceAssetDB has modification time of '2025-06-18T19:14:53Z' while content on disk has modification time of '2025-06-18T19:18:41Z'
Number of updated asset objects reloaded before import = 0
Number of asset objects unloaded after import = 0
========================================================================
Received Import Request.
  Time since last request: 1.003388 seconds.
  path: Assets/Tests/Test_Davi/Scripts/BabyBottleController.cs
  artifactKey: Guid(e90401e3ed60286c7a4c8dc40b022595) Importer(815301076,1909f56bfc062723c751e8b465ee728b)
Start importing Assets/Tests/Test_Davi/Scripts/BabyBottleController.cs using Guid(e90401e3ed60286c7a4c8dc40b022595) Importer(815301076,1909f56bfc062723c751e8b465ee728b) [PhysX] Initialized MultithreadedTaskDispatcher with 12 workers.
 -> (artifact id: '00000000000000000000000000000000') in 0.000413 seconds
Import Error Code:(4)
Message: Build asset version error: assets/tests/test_davi/scripts/babybottlecontroller.cs in SourceAssetDB has modification time of '2025-06-18T19:14:53Z' while content on disk has modification time of '2025-06-18T19:18:41Z'
  ERROR: Build asset version error: assets/tests/test_davi/scripts/babybottlecontroller.cs in SourceAssetDB has modification time of '2025-06-18T19:14:53Z' while content on disk has modification time of '2025-06-18T19:18:41Z'
Number of updated asset objects reloaded before import = 0
Number of asset objects unloaded after import = 0
========================================================================
Received Import Request.
  Time since last request: 1.004086 seconds.
  path: Assets/Tests/Test_Davi/Scripts/BabyBottleController.cs
  artifactKey: Guid(e90401e3ed60286c7a4c8dc40b022595) Importer(815301076,1909f56bfc062723c751e8b465ee728b)
Start importing Assets/Tests/Test_Davi/Scripts/BabyBottleController.cs using Guid(e90401e3ed60286c7a4c8dc40b022595) Importer(815301076,1909f56bfc062723c751e8b465ee728b) [PhysX] Initialized MultithreadedTaskDispatcher with 12 workers.
 -> (artifact id: '00000000000000000000000000000000') in 0.000907 seconds
Import Error Code:(4)
Message: Build asset version error: assets/tests/test_davi/scripts/babybottlecontroller.cs in SourceAssetDB has modification time of '2025-06-18T19:14:53Z' while content on disk has modification time of '2025-06-18T19:18:41Z'
  ERROR: Build asset version error: assets/tests/test_davi/scripts/babybottlecontroller.cs in SourceAssetDB has modification time of '2025-06-18T19:14:53Z' while content on disk has modification time of '2025-06-18T19:18:41Z'
Number of updated asset objects reloaded before import = 0
Number of asset objects unloaded after import = 0
========================================================================
Received Import Request.
  Time since last request: 1.004416 seconds.
  path: Assets/Tests/Test_Davi/Scripts/BabyBottleController.cs
  artifactKey: Guid(e90401e3ed60286c7a4c8dc40b022595) Importer(815301076,1909f56bfc062723c751e8b465ee728b)
Start importing Assets/Tests/Test_Davi/Scripts/BabyBottleController.cs using Guid(e90401e3ed60286c7a4c8dc40b022595) Importer(815301076,1909f56bfc062723c751e8b465ee728b) [PhysX] Initialized MultithreadedTaskDispatcher with 12 workers.
 -> (artifact id: '00000000000000000000000000000000') in 0.000577 seconds
Import Error Code:(4)
Message: Build asset version error: assets/tests/test_davi/scripts/babybottlecontroller.cs in SourceAssetDB has modification time of '2025-06-18T19:14:53Z' while content on disk has modification time of '2025-06-18T19:18:43Z'
  ERROR: Build asset version error: assets/tests/test_davi/scripts/babybottlecontroller.cs in SourceAssetDB has modification time of '2025-06-18T19:14:53Z' while content on disk has modification time of '2025-06-18T19:18:43Z'
Number of updated asset objects reloaded before import = 0
Number of asset objects unloaded after import = 0
========================================================================
Received Import Request.
  Time since last request: 1.004762 seconds.
  path: Assets/Tests/Test_Davi/Scripts/BabyBottleController.cs
  artifactKey: Guid(e90401e3ed60286c7a4c8dc40b022595) Importer(815301076,1909f56bfc062723c751e8b465ee728b)
Start importing Assets/Tests/Test_Davi/Scripts/BabyBottleController.cs using Guid(e90401e3ed60286c7a4c8dc40b022595) Importer(815301076,1909f56bfc062723c751e8b465ee728b) [PhysX] Initialized MultithreadedTaskDispatcher with 12 workers.
 -> (artifact id: '00000000000000000000000000000000') in 0.000515 seconds
Import Error Code:(4)
Message: Build asset version error: assets/tests/test_davi/scripts/babybottlecontroller.cs in SourceAssetDB has modification time of '2025-06-18T19:14:53Z' while content on disk has modification time of '2025-06-18T19:18:44Z'
  ERROR: Build asset version error: assets/tests/test_davi/scripts/babybottlecontroller.cs in SourceAssetDB has modification time of '2025-06-18T19:14:53Z' while content on disk has modification time of '2025-06-18T19:18:44Z'
Number of updated asset objects reloaded before import = 0
Number of asset objects unloaded after import = 0
========================================================================
Received Import Request.
  Time since last request: 1.004215 seconds.
  path: Assets/Tests/Test_Davi/Scripts/BabyBottleController.cs
  artifactKey: Guid(e90401e3ed60286c7a4c8dc40b022595) Importer(815301076,1909f56bfc062723c751e8b465ee728b)
Start importing Assets/Tests/Test_Davi/Scripts/BabyBottleController.cs using Guid(e90401e3ed60286c7a4c8dc40b022595) Importer(815301076,1909f56bfc062723c751e8b465ee728b) [PhysX] Initialized MultithreadedTaskDispatcher with 12 workers.
 -> (artifact id: '00000000000000000000000000000000') in 0.000448 seconds
Import Error Code:(4)
Message: Build asset version error: assets/tests/test_davi/scripts/babybottlecontroller.cs in SourceAssetDB has modification time of '2025-06-18T19:14:53Z' while content on disk has modification time of '2025-06-18T19:18:44Z'
  ERROR: Build asset version error: assets/tests/test_davi/scripts/babybottlecontroller.cs in SourceAssetDB has modification time of '2025-06-18T19:14:53Z' while content on disk has modification time of '2025-06-18T19:18:44Z'
Number of updated asset objects reloaded before import = 0
Number of asset objects unloaded after import = 0
========================================================================
Received Import Request.
  Time since last request: 1.003401 seconds.
  path: Assets/Tests/Test_Davi/Scripts/BabyBottleController.cs
  artifactKey: Guid(e90401e3ed60286c7a4c8dc40b022595) Importer(815301076,1909f56bfc062723c751e8b465ee728b)
Start importing Assets/Tests/Test_Davi/Scripts/BabyBottleController.cs using Guid(e90401e3ed60286c7a4c8dc40b022595) Importer(815301076,1909f56bfc062723c751e8b465ee728b) [PhysX] Initialized MultithreadedTaskDispatcher with 12 workers.
 -> (artifact id: '00000000000000000000000000000000') in 0.000437 seconds
Import Error Code:(4)
Message: Build asset version error: assets/tests/test_davi/scripts/babybottlecontroller.cs in SourceAssetDB has modification time of '2025-06-18T19:14:53Z' while content on disk has modification time of '2025-06-18T19:18:46Z'
  ERROR: Build asset version error: assets/tests/test_davi/scripts/babybottlecontroller.cs in SourceAssetDB has modification time of '2025-06-18T19:14:53Z' while content on disk has modification time of '2025-06-18T19:18:46Z'
Number of updated asset objects reloaded before import = 0
Number of asset objects unloaded after import = 0
========================================================================
Received Import Request.
  Time since last request: 1.004476 seconds.
  path: Assets/Tests/Test_Davi/Scripts/BabyBottleController.cs
  artifactKey: Guid(e90401e3ed60286c7a4c8dc40b022595) Importer(815301076,1909f56bfc062723c751e8b465ee728b)
Start importing Assets/Tests/Test_Davi/Scripts/BabyBottleController.cs using Guid(e90401e3ed60286c7a4c8dc40b022595) Importer(815301076,1909f56bfc062723c751e8b465ee728b) [PhysX] Initialized MultithreadedTaskDispatcher with 12 workers.
 -> (artifact id: '00000000000000000000000000000000') in 0.000464 seconds
Import Error Code:(4)
Message: Build asset version error: assets/tests/test_davi/scripts/babybottlecontroller.cs in SourceAssetDB has modification time of '2025-06-18T19:14:53Z' while content on disk has modification time of '2025-06-18T19:18:46Z'
  ERROR: Build asset version error: assets/tests/test_davi/scripts/babybottlecontroller.cs in SourceAssetDB has modification time of '2025-06-18T19:14:53Z' while content on disk has modification time of '2025-06-18T19:18:46Z'
Number of updated asset objects reloaded before import = 0
Number of asset objects unloaded after import = 0
========================================================================
Received Import Request.
  Time since last request: 1.003603 seconds.
  path: Assets/Tests/Test_Davi/Scripts/BabyBottleController.cs
  artifactKey: Guid(e90401e3ed60286c7a4c8dc40b022595) Importer(815301076,1909f56bfc062723c751e8b465ee728b)
Start importing Assets/Tests/Test_Davi/Scripts/BabyBottleController.cs using Guid(e90401e3ed60286c7a4c8dc40b022595) Importer(815301076,1909f56bfc062723c751e8b465ee728b) [PhysX] Initialized MultithreadedTaskDispatcher with 12 workers.
 -> (artifact id: '00000000000000000000000000000000') in 0.000533 seconds
Import Error Code:(4)
Message: Build asset version error: assets/tests/test_davi/scripts/babybottlecontroller.cs in SourceAssetDB has modification time of '2025-06-18T19:14:53Z' while content on disk has modification time of '2025-06-18T19:18:49Z'
  ERROR: Build asset version error: assets/tests/test_davi/scripts/babybottlecontroller.cs in SourceAssetDB has modification time of '2025-06-18T19:14:53Z' while content on disk has modification time of '2025-06-18T19:18:49Z'
Number of updated asset objects reloaded before import = 0
Number of asset objects unloaded after import = 0
========================================================================
Received Import Request.
  Time since last request: 1.006620 seconds.
  path: Assets/Tests/Test_Davi/Scripts/BabyBottleController.cs
  artifactKey: Guid(e90401e3ed60286c7a4c8dc40b022595) Importer(815301076,1909f56bfc062723c751e8b465ee728b)
Start importing Assets/Tests/Test_Davi/Scripts/BabyBottleController.cs using Guid(e90401e3ed60286c7a4c8dc40b022595) Importer(815301076,1909f56bfc062723c751e8b465ee728b) [PhysX] Initialized MultithreadedTaskDispatcher with 12 workers.
 -> (artifact id: '00000000000000000000000000000000') in 0.000484 seconds
Import Error Code:(4)
Message: Build asset version error: assets/tests/test_davi/scripts/babybottlecontroller.cs in SourceAssetDB has modification time of '2025-06-18T19:14:53Z' while content on disk has modification time of '2025-06-18T19:18:49Z'
  ERROR: Build asset version error: assets/tests/test_davi/scripts/babybottlecontroller.cs in SourceAssetDB has modification time of '2025-06-18T19:14:53Z' while content on disk has modification time of '2025-06-18T19:18:49Z'
Number of updated asset objects reloaded before import = 0
Number of asset objects unloaded after import = 0
========================================================================
Received Import Request.
  Time since last request: 0.285565 seconds.
  path: Assets/Tests/Test_Davi/Scripts/BabyBottleController.cs
  artifactKey: Guid(e90401e3ed60286c7a4c8dc40b022595) Importer(815301076,1909f56bfc062723c751e8b465ee728b)
Start importing Assets/Tests/Test_Davi/Scripts/BabyBottleController.cs using Guid(e90401e3ed60286c7a4c8dc40b022595) Importer(815301076,1909f56bfc062723c751e8b465ee728b) [PhysX] Initialized MultithreadedTaskDispatcher with 12 workers.
 -> (artifact id: '00000000000000000000000000000000') in 0.000470 seconds
Import Error Code:(4)
Message: Build asset version error: assets/tests/test_davi/scripts/babybottlecontroller.cs in SourceAssetDB has modification time of '2025-06-18T19:14:53Z' while content on disk has modification time of '2025-06-18T19:18:49Z'
  ERROR: Build asset version error: assets/tests/test_davi/scripts/babybottlecontroller.cs in SourceAssetDB has modification time of '2025-06-18T19:14:53Z' while content on disk has modification time of '2025-06-18T19:18:49Z'
Number of updated asset objects reloaded before import = 0
Number of asset objects unloaded after import = 0
========================================================================
Received Prepare
Caller must complete domain reload
Begin MonoManager ReloadAssembly
- Loaded All Assemblies, in  0.623 seconds
Native extension for LinuxStandalone target not found
Native extension for WindowsStandalone target not found
Native extension for Android target not found
Mono: successfully reloaded assembly
- Finished resetting the current domain, in  1.029 seconds
Domain Reload Profiling: 1651ms
	BeginReloadAssembly (218ms)
		ExecutionOrderSort (0ms)
		DisableScriptedObjects (11ms)
		BackupInstance (0ms)
		ReleaseScriptingObjects (0ms)
		CreateAndSetChildDomain (58ms)
	RebuildCommonClasses (36ms)
	RebuildNativeTypeToScriptingClass (11ms)
	initialDomainReloadingComplete (44ms)
	LoadAllAssembliesAndSetupDomain (314ms)
		LoadAssemblies (398ms)
		RebuildTransferFunctionScriptingTraits (0ms)
		AnalyzeDomain (27ms)
			TypeCache.Refresh (9ms)
				TypeCache.ScanAssembly (0ms)
			ScanForSourceGeneratedMonoScriptInfo (9ms)
			ResolveRequiredComponents (7ms)
	FinalizeReload (1029ms)
		ReleaseScriptCaches (0ms)
		RebuildScriptCaches (0ms)
		SetupLoadedEditorAssemblies (614ms)
			LogAssemblyErrors (0ms)
			InitializePlatformSupportModulesInManaged (74ms)
			SetLoadedEditorAssemblies (5ms)
			RefreshPlugins (0ms)
			BeforeProcessingInitializeOnLoad (86ms)
			ProcessInitializeOnLoadAttributes (405ms)
			ProcessInitializeOnLoadMethodAttributes (36ms)
			AfterProcessingInitializeOnLoad (7ms)
			EditorAssembliesLoaded (1ms)
		ExecutionOrderSort2 (0ms)
		AwakeInstancesAfterBackupRestoration (8ms)
Refreshing native plugins compatible for Editor in 1.06 ms, found 0 plugins.
Preloading 0 native plugins for Editor in 0.00 ms.
Unloading 3136 Unused Serialized files (Serialized files now loaded: 0)
Unloading 14 unused Assets / (28.4 KB). Loaded Objects now: 3620.
Memory consumption went from 115.0 MB to 115.0 MB.
Total: 3.751384 ms (FindLiveObjects: 0.343968 ms CreateObjectMapping: 0.094915 ms MarkObjects: 3.240566 ms  DeleteObjects: 0.063207 ms)

Prepare: number of updated asset objects reloaded= 0
AssetImportParameters requested are different than current active one (requested -> active):
  custom:container-demuxer-ogg: 62fdf1f143b41e24485cea50d1cbac27 -> 
  custom:video-decoder-ogg-theora: a1e56fd34408186e4bbccfd4996cb3dc -> 
  custom:CustomObjectIndexerAttribute: 232f87dd983dbecb2a4e21e08eb2cef8 -> 
  custom:container-demuxer-webm: 4f35f7cbe854078d1ac9338744f61a02 -> 
  custom:container-muxer-webm: aa71ff27fc2769a1b78a27578f13a17b -> 
  custom:video-decoder-webm-vp8: 9c59270c3fd7afecdb556c50c9e8de78 -> 
  custom:SearchIndexIgnoredProperties: e643bd26f0fe6173181afceb89e7c659 -> 
  custom:AudioImporter_EditorPlatform: 2f0ff77a95e0ac474e3e8eeba4e2f7cb -> 
  custom:video-encoder-webm-vp8: eb34c28f22e8b96e1ab97ce403110664 -> 
  custom:audio-decoder-ogg-vorbis: bf7c407c2cedff20999df2af8eb42d56 -> 
  custom:audio-encoder-webm-vorbis: bf7c407c2cedff20999df2af8eb42d56 -> 
========================================================================
Received Import Request.
  Time since last request: 7.391959 seconds.
  path: Assets/Tests/Test_Davi/Scripts/BabyBottleController.cs
  artifactKey: Guid(e90401e3ed60286c7a4c8dc40b022595) Importer(815301076,1909f56bfc062723c751e8b465ee728b)
Start importing Assets/Tests/Test_Davi/Scripts/BabyBottleController.cs using Guid(e90401e3ed60286c7a4c8dc40b022595) Importer(815301076,1909f56bfc062723c751e8b465ee728b) [PhysX] Initialized MultithreadedTaskDispatcher with 12 workers.
 -> (artifact id: '2f5eb4c38743cee6bd397d67b41f8c99') in 0.002532 seconds
Number of updated asset objects reloaded before import = 0
Number of asset objects unloaded after import = 0
========================================================================
Received Prepare
Caller must complete domain reload
Begin MonoManager ReloadAssembly
- Loaded All Assemblies, in  0.791 seconds
Native extension for LinuxStandalone target not found
Native extension for WindowsStandalone target not found
Native extension for Android target not found
Mono: successfully reloaded assembly
- Finished resetting the current domain, in  0.977 seconds
Domain Reload Profiling: 1768ms
	BeginReloadAssembly (195ms)
		ExecutionOrderSort (0ms)
		DisableScriptedObjects (10ms)
		BackupInstance (0ms)
		ReleaseScriptingObjects (0ms)
		CreateAndSetChildDomain (56ms)
	RebuildCommonClasses (38ms)
	RebuildNativeTypeToScriptingClass (8ms)
	initialDomainReloadingComplete (45ms)
	LoadAllAssembliesAndSetupDomain (505ms)
		LoadAssemblies (572ms)
		RebuildTransferFunctionScriptingTraits (0ms)
		AnalyzeDomain (24ms)
			TypeCache.Refresh (7ms)
				TypeCache.ScanAssembly (0ms)
			ScanForSourceGeneratedMonoScriptInfo (8ms)
			ResolveRequiredComponents (7ms)
	FinalizeReload (978ms)
		ReleaseScriptCaches (0ms)
		RebuildScriptCaches (0ms)
		SetupLoadedEditorAssemblies (600ms)
			LogAssemblyErrors (0ms)
			InitializePlatformSupportModulesInManaged (76ms)
			SetLoadedEditorAssemblies (5ms)
			RefreshPlugins (0ms)
			BeforeProcessingInitializeOnLoad (81ms)
			ProcessInitializeOnLoadAttributes (397ms)
			ProcessInitializeOnLoadMethodAttributes (34ms)
			AfterProcessingInitializeOnLoad (6ms)
			EditorAssembliesLoaded (0ms)
		ExecutionOrderSort2 (0ms)
		AwakeInstancesAfterBackupRestoration (6ms)
Refreshing native plugins compatible for Editor in 0.98 ms, found 0 plugins.
Preloading 0 native plugins for Editor in 0.00 ms.
Unloading 3136 Unused Serialized files (Serialized files now loaded: 0)
Unloading 14 unused Assets / (28.4 KB). Loaded Objects now: 3623.
Memory consumption went from 115.0 MB to 115.0 MB.
Total: 3.780369 ms (FindLiveObjects: 0.346273 ms CreateObjectMapping: 0.086673 ms MarkObjects: 3.225271 ms  DeleteObjects: 0.114051 ms)

Prepare: number of updated asset objects reloaded= 0
AssetImportParameters requested are different than current active one (requested -> active):
  custom:container-demuxer-ogg: 62fdf1f143b41e24485cea50d1cbac27 -> 
  custom:video-decoder-ogg-theora: a1e56fd34408186e4bbccfd4996cb3dc -> 
  custom:CustomObjectIndexerAttribute: 232f87dd983dbecb2a4e21e08eb2cef8 -> 
  custom:container-demuxer-webm: 4f35f7cbe854078d1ac9338744f61a02 -> 
  custom:container-muxer-webm: aa71ff27fc2769a1b78a27578f13a17b -> 
  custom:video-decoder-webm-vp8: 9c59270c3fd7afecdb556c50c9e8de78 -> 
  custom:SearchIndexIgnoredProperties: e643bd26f0fe6173181afceb89e7c659 -> 
  custom:AudioImporter_EditorPlatform: 2f0ff77a95e0ac474e3e8eeba4e2f7cb -> 
  custom:video-encoder-webm-vp8: eb34c28f22e8b96e1ab97ce403110664 -> 
  custom:audio-decoder-ogg-vorbis: bf7c407c2cedff20999df2af8eb42d56 -> 
  custom:audio-encoder-webm-vorbis: bf7c407c2cedff20999df2af8eb42d56 -> 
========================================================================
Received Import Request.
  Time since last request: 100.546755 seconds.
  path: Assets/Prefabs/BabyBottle UVW.prefab
  artifactKey: Guid(507d95bcdd40819959e2445f87f51ac2) Importer(815301076,1909f56bfc062723c751e8b465ee728b)
Start importing Assets/Prefabs/BabyBottle UVW.prefab using Guid(507d95bcdd40819959e2445f87f51ac2) Importer(815301076,1909f56bfc062723c751e8b465ee728b) [PhysX] Initialized MultithreadedTaskDispatcher with 12 workers.
[PhysX] Initialized MultithreadedTaskDispatcher with 12 workers.
 -> (artifact id: '77013e426d8b8e6348f5bda49a597b49') in 0.296984 seconds
Number of updated asset objects reloaded before import = 0
Number of asset objects unloaded after import = 15
========================================================================
Received Import Request.
  Time since last request: 84.872918 seconds.
  path: ProjectSettings/TagManager.asset
  artifactKey: Guid(00000000000000003000000000000000) Importer(815301076,1909f56bfc062723c751e8b465ee728b)
Start importing ProjectSettings/TagManager.asset using Guid(00000000000000003000000000000000) Importer(815301076,1909f56bfc062723c751e8b465ee728b) [PhysX] Initialized MultithreadedTaskDispatcher with 12 workers.
 -> (artifact id: 'a2ed4f3eafcc2bc862c440eaeb831565') in 0.000733 seconds
Number of updated asset objects reloaded before import = 0
Number of asset objects unloaded after import = 0
========================================================================
Received Prepare
Caller must complete domain reload
Begin MonoManager ReloadAssembly
- Loaded All Assemblies, in  0.522 seconds
Native extension for LinuxStandalone target not found
Native extension for WindowsStandalone target not found
Native extension for Android target not found
Mono: successfully reloaded assembly
- Finished resetting the current domain, in  1.046 seconds
Domain Reload Profiling: 1568ms
	BeginReloadAssembly (177ms)
		ExecutionOrderSort (0ms)
		DisableScriptedObjects (9ms)
		BackupInstance (0ms)
		ReleaseScriptingObjects (0ms)
		CreateAndSetChildDomain (40ms)
	RebuildCommonClasses (36ms)
	RebuildNativeTypeToScriptingClass (8ms)
	initialDomainReloadingComplete (42ms)
	LoadAllAssembliesAndSetupDomain (257ms)
		LoadAssemblies (333ms)
		RebuildTransferFunctionScriptingTraits (0ms)
		AnalyzeDomain (15ms)
			TypeCache.Refresh (6ms)
				TypeCache.ScanAssembly (0ms)
			ScanForSourceGeneratedMonoScriptInfo (0ms)
			ResolveRequiredComponents (7ms)
	FinalizeReload (1047ms)
		ReleaseScriptCaches (0ms)
		RebuildScriptCaches (0ms)
		SetupLoadedEditorAssemblies (615ms)
			LogAssemblyErrors (0ms)
			InitializePlatformSupportModulesInManaged (76ms)
			SetLoadedEditorAssemblies (5ms)
			RefreshPlugins (0ms)
			BeforeProcessingInitializeOnLoad (75ms)
			ProcessInitializeOnLoadAttributes (409ms)
			ProcessInitializeOnLoadMethodAttributes (42ms)
			AfterProcessingInitializeOnLoad (7ms)
			EditorAssembliesLoaded (0ms)
		ExecutionOrderSort2 (0ms)
		AwakeInstancesAfterBackupRestoration (9ms)
Refreshing native plugins compatible for Editor in 1.49 ms, found 0 plugins.
Preloading 0 native plugins for Editor in 0.00 ms.
Unloading 3136 Unused Serialized files (Serialized files now loaded: 0)
Unloading 13 unused Assets / (27.5 KB). Loaded Objects now: 3635.
Memory consumption went from 117.2 MB to 117.1 MB.
Total: 7.394865 ms (FindLiveObjects: 0.733403 ms CreateObjectMapping: 0.167060 ms MarkObjects: 6.285854 ms  DeleteObjects: 0.196114 ms)

Prepare: number of updated asset objects reloaded= 0
AssetImportParameters requested are different than current active one (requested -> active):
  custom:container-demuxer-ogg: 62fdf1f143b41e24485cea50d1cbac27 -> 
  custom:video-decoder-ogg-theora: a1e56fd34408186e4bbccfd4996cb3dc -> 
  custom:CustomObjectIndexerAttribute: 232f87dd983dbecb2a4e21e08eb2cef8 -> 
  custom:container-demuxer-webm: 4f35f7cbe854078d1ac9338744f61a02 -> 
  custom:container-muxer-webm: aa71ff27fc2769a1b78a27578f13a17b -> 
  custom:video-decoder-webm-vp8: 9c59270c3fd7afecdb556c50c9e8de78 -> 
  custom:SearchIndexIgnoredProperties: e643bd26f0fe6173181afceb89e7c659 -> 
  custom:AudioImporter_EditorPlatform: 2f0ff77a95e0ac474e3e8eeba4e2f7cb -> 
  custom:video-encoder-webm-vp8: eb34c28f22e8b96e1ab97ce403110664 -> 
  custom:audio-decoder-ogg-vorbis: bf7c407c2cedff20999df2af8eb42d56 -> 
  custom:audio-encoder-webm-vorbis: bf7c407c2cedff20999df2af8eb42d56 -> 
========================================================================
Received Import Request.
  Time since last request: 88.555180 seconds.
  path: Assets/Scenes
  artifactKey: Guid(3d468466a06385d31ad99e5c4ac2437d) Importer(815301076,1909f56bfc062723c751e8b465ee728b)
Start importing Assets/Scenes using Guid(3d468466a06385d31ad99e5c4ac2437d) Importer(815301076,1909f56bfc062723c751e8b465ee728b) [PhysX] Initialized MultithreadedTaskDispatcher with 12 workers.
 -> (artifact id: '154fc173f5f4150c664789735820f9d2') in 0.002399 seconds
Number of updated asset objects reloaded before import = 0
Number of asset objects unloaded after import = 0
========================================================================
Received Import Request.
  Time since last request: 10.681429 seconds.
  path: Assets/Scenes/Menu.unity
  artifactKey: Guid(8613374f02f757028b748b97a656a48f) Importer(815301076,1909f56bfc062723c751e8b465ee728b)
Start importing Assets/Scenes/Menu.unity using Guid(8613374f02f757028b748b97a656a48f) Importer(815301076,1909f56bfc062723c751e8b465ee728b) [PhysX] Initialized MultithreadedTaskDispatcher with 12 workers.
 -> (artifact id: '0fe54c32d85db68c509e65e12eb6e1a7') in 0.000897 seconds
Number of updated asset objects reloaded before import = 0
Number of asset objects unloaded after import = 0
========================================================================
Received Import Request.
  Time since last request: 103.184720 seconds.
  path: Assets/Tests/Test_Davi/Scripts/GameController.cs
  artifactKey: Guid(1c91558eade0fa3569a521dfeaacd26b) Importer(815301076,1909f56bfc062723c751e8b465ee728b)
Start importing Assets/Tests/Test_Davi/Scripts/GameController.cs using Guid(1c91558eade0fa3569a521dfeaacd26b) Importer(815301076,1909f56bfc062723c751e8b465ee728b) [PhysX] Initialized MultithreadedTaskDispatcher with 12 workers.
 -> (artifact id: '53518f2feae6587a7c0886f9c358e249') in 0.001075 seconds
Number of updated asset objects reloaded before import = 0
Number of asset objects unloaded after import = 0
========================================================================
Received Prepare
Caller must complete domain reload
Begin MonoManager ReloadAssembly
- Loaded All Assemblies, in  1.566 seconds
Native extension for LinuxStandalone target not found
Native extension for WindowsStandalone target not found
Native extension for Android target not found
Mono: successfully reloaded assembly
- Finished resetting the current domain, in  0.996 seconds
Domain Reload Profiling: 2561ms
	BeginReloadAssembly (180ms)
		ExecutionOrderSort (0ms)
		DisableScriptedObjects (13ms)
		BackupInstance (0ms)
		ReleaseScriptingObjects (0ms)
		CreateAndSetChildDomain (41ms)
	RebuildCommonClasses (37ms)
	RebuildNativeTypeToScriptingClass (8ms)
	initialDomainReloadingComplete (46ms)
	LoadAllAssembliesAndSetupDomain (1294ms)
		LoadAssemblies (1359ms)
		RebuildTransferFunctionScriptingTraits (0ms)
		AnalyzeDomain (24ms)
			TypeCache.Refresh (7ms)
				TypeCache.ScanAssembly (0ms)
			ScanForSourceGeneratedMonoScriptInfo (7ms)
			ResolveRequiredComponents (7ms)
	FinalizeReload (997ms)
		ReleaseScriptCaches (0ms)
		RebuildScriptCaches (0ms)
		SetupLoadedEditorAssemblies (627ms)
			LogAssemblyErrors (0ms)
			InitializePlatformSupportModulesInManaged (79ms)
			SetLoadedEditorAssemblies (6ms)
			RefreshPlugins (0ms)
			BeforeProcessingInitializeOnLoad (83ms)
			ProcessInitializeOnLoadAttributes (416ms)
			ProcessInitializeOnLoadMethodAttributes (37ms)
			AfterProcessingInitializeOnLoad (6ms)
			EditorAssembliesLoaded (0ms)
		ExecutionOrderSort2 (0ms)
		AwakeInstancesAfterBackupRestoration (7ms)
Refreshing native plugins compatible for Editor in 1.13 ms, found 0 plugins.
Preloading 0 native plugins for Editor in 0.00 ms.
Unloading 3150 Unused Serialized files (Serialized files now loaded: 0)
Unloading 26 unused Assets / (0.6 MB). Loaded Objects now: 3639.
Memory consumption went from 121.1 MB to 120.5 MB.
Total: 10.206465 ms (FindLiveObjects: 0.299409 ms CreateObjectMapping: 0.084717 ms MarkObjects: 9.344624 ms  DeleteObjects: 0.469194 ms)

Prepare: number of updated asset objects reloaded= 0
AssetImportParameters requested are different than current active one (requested -> active):
  custom:container-demuxer-ogg: 62fdf1f143b41e24485cea50d1cbac27 -> 
  custom:video-decoder-ogg-theora: a1e56fd34408186e4bbccfd4996cb3dc -> 
  custom:CustomObjectIndexerAttribute: 232f87dd983dbecb2a4e21e08eb2cef8 -> 
  custom:container-demuxer-webm: 4f35f7cbe854078d1ac9338744f61a02 -> 
  custom:scripting/monoscript/fileName/GameController.cs: b39d91587c2553fd886ac9cec92f1e80 -> 
  custom:container-muxer-webm: aa71ff27fc2769a1b78a27578f13a17b -> 
  custom:video-decoder-webm-vp8: 9c59270c3fd7afecdb556c50c9e8de78 -> 
  custom:SearchIndexIgnoredProperties: e643bd26f0fe6173181afceb89e7c659 -> 
  custom:AudioImporter_EditorPlatform: 2f0ff77a95e0ac474e3e8eeba4e2f7cb -> 
  custom:video-encoder-webm-vp8: eb34c28f22e8b96e1ab97ce403110664 -> 
  custom:audio-decoder-ogg-vorbis: bf7c407c2cedff20999df2af8eb42d56 -> 
  custom:audio-encoder-webm-vorbis: bf7c407c2cedff20999df2af8eb42d56 -> 
  custom:scripting/precompiled-assembly-types:Assembly-CSharp: 4aac4da1c6d59c8a021cef633c6a06b3 -> 880696343ac443114308543b9686cc6b
========================================================================
Received Import Request.
  Time since last request: 7.857594 seconds.
  path: Assets/Tests/Test_Davi/Scripts/GameController.cs
  artifactKey: Guid(1c91558eade0fa3569a521dfeaacd26b) Importer(815301076,1909f56bfc062723c751e8b465ee728b)
Start importing Assets/Tests/Test_Davi/Scripts/GameController.cs using Guid(1c91558eade0fa3569a521dfeaacd26b) Importer(815301076,1909f56bfc062723c751e8b465ee728b) [PhysX] Initialized MultithreadedTaskDispatcher with 12 workers.
 -> (artifact id: 'ebad424b97e6bf71b8ac08025560316c') in 0.002482 seconds
Number of updated asset objects reloaded before import = 0
Number of asset objects unloaded after import = 0
========================================================================
Received Import Request.
  Time since last request: 77.566329 seconds.
  path: Assets/Tests/Test_Davi/Scripts/GameController.cs
  artifactKey: Guid(1c91558eade0fa3569a521dfeaacd26b) Importer(815301076,1909f56bfc062723c751e8b465ee728b)
Start importing Assets/Tests/Test_Davi/Scripts/GameController.cs using Guid(1c91558eade0fa3569a521dfeaacd26b) Importer(815301076,1909f56bfc062723c751e8b465ee728b) [PhysX] Initialized MultithreadedTaskDispatcher with 12 workers.
 -> (artifact id: 'f690c94ce05ca80beb6b9a0ab5484766') in 0.000583 seconds
Number of updated asset objects reloaded before import = 0
Number of asset objects unloaded after import = 0
========================================================================
Received Prepare
Caller must complete domain reload
Begin MonoManager ReloadAssembly
- Loaded All Assemblies, in  0.643 seconds
Native extension for LinuxStandalone target not found
Native extension for WindowsStandalone target not found
Native extension for Android target not found
Mono: successfully reloaded assembly
- Finished resetting the current domain, in  1.031 seconds
Domain Reload Profiling: 1673ms
	BeginReloadAssembly (182ms)
		ExecutionOrderSort (0ms)
		DisableScriptedObjects (9ms)
		BackupInstance (0ms)
		ReleaseScriptingObjects (0ms)
		CreateAndSetChildDomain (46ms)
	RebuildCommonClasses (37ms)
	RebuildNativeTypeToScriptingClass (8ms)
	initialDomainReloadingComplete (43ms)
	LoadAllAssembliesAndSetupDomain (372ms)
		LoadAssemblies (429ms)
		RebuildTransferFunctionScriptingTraits (0ms)
		AnalyzeDomain (33ms)
			TypeCache.Refresh (12ms)
				TypeCache.ScanAssembly (0ms)
			ScanForSourceGeneratedMonoScriptInfo (11ms)
			ResolveRequiredComponents (8ms)
	FinalizeReload (1031ms)
		ReleaseScriptCaches (0ms)
		RebuildScriptCaches (0ms)
		SetupLoadedEditorAssemblies (624ms)
			LogAssemblyErrors (0ms)
			InitializePlatformSupportModulesInManaged (80ms)
			SetLoadedEditorAssemblies (5ms)
			RefreshPlugins (0ms)
			BeforeProcessingInitializeOnLoad (88ms)
			ProcessInitializeOnLoadAttributes (408ms)
			ProcessInitializeOnLoadMethodAttributes (36ms)
			AfterProcessingInitializeOnLoad (7ms)
			EditorAssembliesLoaded (0ms)
		ExecutionOrderSort2 (0ms)
		AwakeInstancesAfterBackupRestoration (7ms)
Refreshing native plugins compatible for Editor in 1.10 ms, found 0 plugins.
Preloading 0 native plugins for Editor in 0.00 ms.
Unloading 3150 Unused Serialized files (Serialized files now loaded: 0)
Unloading 26 unused Assets / (0.6 MB). Loaded Objects now: 3642.
Memory consumption went from 121.1 MB to 120.5 MB.
Total: 3.590819 ms (FindLiveObjects: 0.371835 ms CreateObjectMapping: 0.082832 ms MarkObjects: 2.773956 ms  DeleteObjects: 0.353537 ms)

Prepare: number of updated asset objects reloaded= 0
AssetImportParameters requested are different than current active one (requested -> active):
  custom:container-demuxer-ogg: 62fdf1f143b41e24485cea50d1cbac27 -> 
  custom:video-decoder-ogg-theora: a1e56fd34408186e4bbccfd4996cb3dc -> 
  custom:CustomObjectIndexerAttribute: 232f87dd983dbecb2a4e21e08eb2cef8 -> 
  custom:container-demuxer-webm: 4f35f7cbe854078d1ac9338744f61a02 -> 
  custom:scripting/monoscript/fileName/GameController.cs: b39d91587c2553fd886ac9cec92f1e80 -> 
  custom:container-muxer-webm: aa71ff27fc2769a1b78a27578f13a17b -> 
  custom:video-decoder-webm-vp8: 9c59270c3fd7afecdb556c50c9e8de78 -> 
  custom:SearchIndexIgnoredProperties: e643bd26f0fe6173181afceb89e7c659 -> 
  custom:AudioImporter_EditorPlatform: 2f0ff77a95e0ac474e3e8eeba4e2f7cb -> 
  custom:video-encoder-webm-vp8: eb34c28f22e8b96e1ab97ce403110664 -> 
  custom:audio-decoder-ogg-vorbis: bf7c407c2cedff20999df2af8eb42d56 -> 
  custom:audio-encoder-webm-vorbis: bf7c407c2cedff20999df2af8eb42d56 -> 
  custom:scripting/precompiled-assembly-types:Assembly-CSharp: 4aac4da1c6d59c8a021cef633c6a06b3 -> 880696343ac443114308543b9686cc6b
========================================================================
Received Prepare
Caller must complete domain reload
Begin MonoManager ReloadAssembly
- Loaded All Assemblies, in  1.388 seconds
Native extension for LinuxStandalone target not found
Native extension for WindowsStandalone target not found
Native extension for Android target not found
Mono: successfully reloaded assembly
- Finished resetting the current domain, in  1.113 seconds
Domain Reload Profiling: 2501ms
	BeginReloadAssembly (176ms)
		ExecutionOrderSort (0ms)
		DisableScriptedObjects (10ms)
		BackupInstance (0ms)
		ReleaseScriptingObjects (0ms)
		CreateAndSetChildDomain (47ms)
	RebuildCommonClasses (39ms)
	RebuildNativeTypeToScriptingClass (8ms)
	initialDomainReloadingComplete (47ms)
	LoadAllAssembliesAndSetupDomain (1118ms)
		LoadAssemblies (1073ms)
		RebuildTransferFunctionScriptingTraits (0ms)
		AnalyzeDomain (127ms)
			TypeCache.Refresh (108ms)
				TypeCache.ScanAssembly (0ms)
			ScanForSourceGeneratedMonoScriptInfo (9ms)
			ResolveRequiredComponents (7ms)
	FinalizeReload (1114ms)
		ReleaseScriptCaches (0ms)
		RebuildScriptCaches (0ms)
		SetupLoadedEditorAssemblies (694ms)
			LogAssemblyErrors (0ms)
			InitializePlatformSupportModulesInManaged (105ms)
			SetLoadedEditorAssemblies (5ms)
			RefreshPlugins (0ms)
			BeforeProcessingInitializeOnLoad (91ms)
			ProcessInitializeOnLoadAttributes (451ms)
			ProcessInitializeOnLoadMethodAttributes (34ms)
			AfterProcessingInitializeOnLoad (6ms)
			EditorAssembliesLoaded (0ms)
		ExecutionOrderSort2 (0ms)
		AwakeInstancesAfterBackupRestoration (29ms)
Refreshing native plugins compatible for Editor in 1.06 ms, found 0 plugins.
Preloading 0 native plugins for Editor in 0.00 ms.
Unloading 3150 Unused Serialized files (Serialized files now loaded: 0)
Unloading 26 unused Assets / (0.6 MB). Loaded Objects now: 3645.
Memory consumption went from 121.1 MB to 120.5 MB.
Total: 4.893709 ms (FindLiveObjects: 0.446774 ms CreateObjectMapping: 0.100921 ms MarkObjects: 3.877030 ms  DeleteObjects: 0.460813 ms)

Prepare: number of updated asset objects reloaded= 0
AssetImportParameters requested are different than current active one (requested -> active):
  custom:container-demuxer-ogg: 62fdf1f143b41e24485cea50d1cbac27 -> 
  custom:video-decoder-ogg-theora: a1e56fd34408186e4bbccfd4996cb3dc -> 
  custom:CustomObjectIndexerAttribute: 232f87dd983dbecb2a4e21e08eb2cef8 -> 
  custom:container-demuxer-webm: 4f35f7cbe854078d1ac9338744f61a02 -> 
  custom:scripting/monoscript/fileName/GameController.cs: b39d91587c2553fd886ac9cec92f1e80 -> 
  custom:container-muxer-webm: aa71ff27fc2769a1b78a27578f13a17b -> 
  custom:video-decoder-webm-vp8: 9c59270c3fd7afecdb556c50c9e8de78 -> 
  custom:SearchIndexIgnoredProperties: e643bd26f0fe6173181afceb89e7c659 -> 
  custom:AudioImporter_EditorPlatform: 2f0ff77a95e0ac474e3e8eeba4e2f7cb -> 
  custom:video-encoder-webm-vp8: eb34c28f22e8b96e1ab97ce403110664 -> 
  custom:audio-decoder-ogg-vorbis: bf7c407c2cedff20999df2af8eb42d56 -> 
  custom:audio-encoder-webm-vorbis: bf7c407c2cedff20999df2af8eb42d56 -> 
  custom:scripting/precompiled-assembly-types:Assembly-CSharp: 4aac4da1c6d59c8a021cef633c6a06b3 -> 880696343ac443114308543b9686cc6b
========================================================================
Received Prepare
Caller must complete domain reload
Begin MonoManager ReloadAssembly
- Loaded All Assemblies, in  0.573 seconds
Native extension for LinuxStandalone target not found
Native extension for WindowsStandalone target not found
Native extension for Android target not found
Mono: successfully reloaded assembly
- Finished resetting the current domain, in  0.997 seconds
Domain Reload Profiling: 1569ms
	BeginReloadAssembly (189ms)
		ExecutionOrderSort (0ms)
		DisableScriptedObjects (9ms)
		BackupInstance (0ms)
		ReleaseScriptingObjects (0ms)
		CreateAndSetChildDomain (47ms)
	RebuildCommonClasses (38ms)
	RebuildNativeTypeToScriptingClass (8ms)
	initialDomainReloadingComplete (46ms)
	LoadAllAssembliesAndSetupDomain (289ms)
		LoadAssemblies (346ms)
		RebuildTransferFunctionScriptingTraits (0ms)
		AnalyzeDomain (39ms)
			TypeCache.Refresh (16ms)
				TypeCache.ScanAssembly (0ms)
			ScanForSourceGeneratedMonoScriptInfo (11ms)
			ResolveRequiredComponents (9ms)
	FinalizeReload (998ms)
		ReleaseScriptCaches (0ms)
		RebuildScriptCaches (0ms)
		SetupLoadedEditorAssemblies (577ms)
			LogAssemblyErrors (0ms)
			InitializePlatformSupportModulesInManaged (78ms)
			SetLoadedEditorAssemblies (5ms)
			RefreshPlugins (0ms)
			BeforeProcessingInitializeOnLoad (78ms)
			ProcessInitializeOnLoadAttributes (376ms)
			ProcessInitializeOnLoadMethodAttributes (34ms)
			AfterProcessingInitializeOnLoad (6ms)
			EditorAssembliesLoaded (0ms)
		ExecutionOrderSort2 (0ms)
		AwakeInstancesAfterBackupRestoration (6ms)
Refreshing native plugins compatible for Editor in 1.57 ms, found 0 plugins.
Preloading 0 native plugins for Editor in 0.00 ms.
Unloading 3150 Unused Serialized files (Serialized files now loaded: 0)
Unloading 26 unused Assets / (0.6 MB). Loaded Objects now: 3648.
Memory consumption went from 121.1 MB to 120.5 MB.
Total: 4.509022 ms (FindLiveObjects: 0.391391 ms CreateObjectMapping: 0.082552 ms MarkObjects: 3.579156 ms  DeleteObjects: 0.448242 ms)

Prepare: number of updated asset objects reloaded= 0
AssetImportParameters requested are different than current active one (requested -> active):
  custom:container-demuxer-ogg: 62fdf1f143b41e24485cea50d1cbac27 -> 
  custom:video-decoder-ogg-theora: a1e56fd34408186e4bbccfd4996cb3dc -> 
  custom:CustomObjectIndexerAttribute: 232f87dd983dbecb2a4e21e08eb2cef8 -> 
  custom:container-demuxer-webm: 4f35f7cbe854078d1ac9338744f61a02 -> 
  custom:scripting/monoscript/fileName/GameController.cs: b39d91587c2553fd886ac9cec92f1e80 -> 
  custom:container-muxer-webm: aa71ff27fc2769a1b78a27578f13a17b -> 
  custom:video-decoder-webm-vp8: 9c59270c3fd7afecdb556c50c9e8de78 -> 
  custom:SearchIndexIgnoredProperties: e643bd26f0fe6173181afceb89e7c659 -> 
  custom:AudioImporter_EditorPlatform: 2f0ff77a95e0ac474e3e8eeba4e2f7cb -> 
  custom:video-encoder-webm-vp8: eb34c28f22e8b96e1ab97ce403110664 -> 
  custom:audio-decoder-ogg-vorbis: bf7c407c2cedff20999df2af8eb42d56 -> 
  custom:audio-encoder-webm-vorbis: bf7c407c2cedff20999df2af8eb42d56 -> 
  custom:scripting/precompiled-assembly-types:Assembly-CSharp: 4aac4da1c6d59c8a021cef633c6a06b3 -> 880696343ac443114308543b9686cc6b
========================================================================
Received Prepare
Caller must complete domain reload
Begin MonoManager ReloadAssembly
- Loaded All Assemblies, in  0.535 seconds
Native extension for LinuxStandalone target not found
Native extension for WindowsStandalone target not found
Native extension for Android target not found
Mono: successfully reloaded assembly
- Finished resetting the current domain, in  1.030 seconds
Domain Reload Profiling: 1565ms
	BeginReloadAssembly (180ms)
		ExecutionOrderSort (0ms)
		DisableScriptedObjects (9ms)
		BackupInstance (0ms)
		ReleaseScriptingObjects (0ms)
		CreateAndSetChildDomain (48ms)
	RebuildCommonClasses (38ms)
	RebuildNativeTypeToScriptingClass (9ms)
	initialDomainReloadingComplete (43ms)
	LoadAllAssembliesAndSetupDomain (265ms)
		LoadAssemblies (335ms)
		RebuildTransferFunctionScriptingTraits (0ms)
		AnalyzeDomain (16ms)
			TypeCache.Refresh (7ms)
				TypeCache.ScanAssembly (0ms)
			ScanForSourceGeneratedMonoScriptInfo (0ms)
			ResolveRequiredComponents (7ms)
	FinalizeReload (1031ms)
		ReleaseScriptCaches (0ms)
		RebuildScriptCaches (0ms)
		SetupLoadedEditorAssemblies (612ms)
			LogAssemblyErrors (0ms)
			InitializePlatformSupportModulesInManaged (80ms)
			SetLoadedEditorAssemblies (5ms)
			RefreshPlugins (0ms)
			BeforeProcessingInitializeOnLoad (91ms)
			ProcessInitializeOnLoadAttributes (395ms)
			ProcessInitializeOnLoadMethodAttributes (33ms)
			AfterProcessingInitializeOnLoad (7ms)
			EditorAssembliesLoaded (1ms)
		ExecutionOrderSort2 (0ms)
		AwakeInstancesAfterBackupRestoration (6ms)
Refreshing native plugins compatible for Editor in 1.09 ms, found 0 plugins.
Preloading 0 native plugins for Editor in 0.00 ms.
Unloading 3150 Unused Serialized files (Serialized files now loaded: 0)
Unloading 26 unused Assets / (0.6 MB). Loaded Objects now: 3651.
Memory consumption went from 121.1 MB to 120.5 MB.
Total: 5.236489 ms (FindLiveObjects: 0.321270 ms CreateObjectMapping: 0.085835 ms MarkObjects: 4.435410 ms  DeleteObjects: 0.386431 ms)

Prepare: number of updated asset objects reloaded= 0
AssetImportParameters requested are different than current active one (requested -> active):
  custom:container-demuxer-ogg: 62fdf1f143b41e24485cea50d1cbac27 -> 
  custom:video-decoder-ogg-theora: a1e56fd34408186e4bbccfd4996cb3dc -> 
  custom:CustomObjectIndexerAttribute: 232f87dd983dbecb2a4e21e08eb2cef8 -> 
  custom:container-demuxer-webm: 4f35f7cbe854078d1ac9338744f61a02 -> 
  custom:scripting/monoscript/fileName/GameController.cs: b39d91587c2553fd886ac9cec92f1e80 -> 
  custom:container-muxer-webm: aa71ff27fc2769a1b78a27578f13a17b -> 
  custom:video-decoder-webm-vp8: 9c59270c3fd7afecdb556c50c9e8de78 -> 
  custom:SearchIndexIgnoredProperties: e643bd26f0fe6173181afceb89e7c659 -> 
  custom:AudioImporter_EditorPlatform: 2f0ff77a95e0ac474e3e8eeba4e2f7cb -> 
  custom:video-encoder-webm-vp8: eb34c28f22e8b96e1ab97ce403110664 -> 
  custom:audio-decoder-ogg-vorbis: bf7c407c2cedff20999df2af8eb42d56 -> 
  custom:audio-encoder-webm-vorbis: bf7c407c2cedff20999df2af8eb42d56 -> 
  custom:scripting/precompiled-assembly-types:Assembly-CSharp: 4aac4da1c6d59c8a021cef633c6a06b3 -> 880696343ac443114308543b9686cc6b
========================================================================
Received Prepare
Caller must complete domain reload
Begin MonoManager ReloadAssembly
- Loaded All Assemblies, in  0.524 seconds
Native extension for LinuxStandalone target not found
Native extension for WindowsStandalone target not found
Native extension for Android target not found
Mono: successfully reloaded assembly
- Finished resetting the current domain, in  1.037 seconds
Domain Reload Profiling: 1560ms
	BeginReloadAssembly (172ms)
		ExecutionOrderSort (0ms)
		DisableScriptedObjects (12ms)
		BackupInstance (0ms)
		ReleaseScriptingObjects (0ms)
		CreateAndSetChildDomain (39ms)
	RebuildCommonClasses (35ms)
	RebuildNativeTypeToScriptingClass (8ms)
	initialDomainReloadingComplete (41ms)
	LoadAllAssembliesAndSetupDomain (267ms)
		LoadAssemblies (335ms)
		RebuildTransferFunctionScriptingTraits (0ms)
		AnalyzeDomain (18ms)
			TypeCache.Refresh (8ms)
				TypeCache.ScanAssembly (0ms)
			ScanForSourceGeneratedMonoScriptInfo (0ms)
			ResolveRequiredComponents (8ms)
	FinalizeReload (1038ms)
		ReleaseScriptCaches (0ms)
		RebuildScriptCaches (0ms)
		SetupLoadedEditorAssemblies (640ms)
			LogAssemblyErrors (0ms)
			InitializePlatformSupportModulesInManaged (72ms)
			SetLoadedEditorAssemblies (5ms)
			RefreshPlugins (0ms)
			BeforeProcessingInitializeOnLoad (82ms)
			ProcessInitializeOnLoadAttributes (431ms)
			ProcessInitializeOnLoadMethodAttributes (42ms)
			AfterProcessingInitializeOnLoad (7ms)
			EditorAssembliesLoaded (0ms)
		ExecutionOrderSort2 (0ms)
		AwakeInstancesAfterBackupRestoration (6ms)
Refreshing native plugins compatible for Editor in 1.00 ms, found 0 plugins.
Preloading 0 native plugins for Editor in 0.00 ms.
Unloading 3150 Unused Serialized files (Serialized files now loaded: 0)
Unloading 26 unused Assets / (0.6 MB). Loaded Objects now: 3654.
Memory consumption went from 121.1 MB to 120.5 MB.
Total: 4.739010 ms (FindLiveObjects: 0.651620 ms CreateObjectMapping: 0.221397 ms MarkObjects: 3.447226 ms  DeleteObjects: 0.410667 ms)

Prepare: number of updated asset objects reloaded= 0
AssetImportParameters requested are different than current active one (requested -> active):
  custom:container-demuxer-ogg: 62fdf1f143b41e24485cea50d1cbac27 -> 
  custom:video-decoder-ogg-theora: a1e56fd34408186e4bbccfd4996cb3dc -> 
  custom:CustomObjectIndexerAttribute: 232f87dd983dbecb2a4e21e08eb2cef8 -> 
  custom:container-demuxer-webm: 4f35f7cbe854078d1ac9338744f61a02 -> 
  custom:scripting/monoscript/fileName/GameController.cs: b39d91587c2553fd886ac9cec92f1e80 -> 
  custom:container-muxer-webm: aa71ff27fc2769a1b78a27578f13a17b -> 
  custom:video-decoder-webm-vp8: 9c59270c3fd7afecdb556c50c9e8de78 -> 
  custom:SearchIndexIgnoredProperties: e643bd26f0fe6173181afceb89e7c659 -> 
  custom:AudioImporter_EditorPlatform: 2f0ff77a95e0ac474e3e8eeba4e2f7cb -> 
  custom:video-encoder-webm-vp8: eb34c28f22e8b96e1ab97ce403110664 -> 
  custom:audio-decoder-ogg-vorbis: bf7c407c2cedff20999df2af8eb42d56 -> 
  custom:audio-encoder-webm-vorbis: bf7c407c2cedff20999df2af8eb42d56 -> 
  custom:scripting/precompiled-assembly-types:Assembly-CSharp: 4aac4da1c6d59c8a021cef633c6a06b3 -> 880696343ac443114308543b9686cc6b
========================================================================
Received Import Request.
  Time since last request: 353.329595 seconds.
  path: Assets/Scenes/Menu.unity
  artifactKey: Guid(8613374f02f757028b748b97a656a48f) Importer(815301076,1909f56bfc062723c751e8b465ee728b)
Start importing Assets/Scenes/Menu.unity using Guid(8613374f02f757028b748b97a656a48f) Importer(815301076,1909f56bfc062723c751e8b465ee728b) [PhysX] Initialized MultithreadedTaskDispatcher with 12 workers.
 -> (artifact id: 'dc0ff08d7f1713285e38ab7f2425871a') in 0.002949 seconds
Number of updated asset objects reloaded before import = 0
Number of asset objects unloaded after import = 0
========================================================================
Received Import Request.
  Time since last request: 5.450853 seconds.
  path: Assets/Scenes/SampleScene.unity
  artifactKey: Guid(9fc0d4010bbf28b4594072e72b8655ab) Importer(815301076,1909f56bfc062723c751e8b465ee728b)
Start importing Assets/Scenes/SampleScene.unity using Guid(9fc0d4010bbf28b4594072e72b8655ab) Importer(815301076,1909f56bfc062723c751e8b465ee728b) [PhysX] Initialized MultithreadedTaskDispatcher with 12 workers.
 -> (artifact id: 'd8ff51d23f5d095cb33b7aca13bde044') in 0.000496 seconds
Number of updated asset objects reloaded before import = 0
Number of asset objects unloaded after import = 0
========================================================================
Received Import Request.
  Time since last request: 7.407137 seconds.
  path: Assets/Scenes/Menu.unity
  artifactKey: Guid(8613374f02f757028b748b97a656a48f) Importer(815301076,1909f56bfc062723c751e8b465ee728b)
Start importing Assets/Scenes/Menu.unity using Guid(8613374f02f757028b748b97a656a48f) Importer(815301076,1909f56bfc062723c751e8b465ee728b) [PhysX] Initialized MultithreadedTaskDispatcher with 12 workers.
 -> (artifact id: '8e724c25e353dc3ba11aa328bccc427d') in 0.000558 seconds
Number of updated asset objects reloaded before import = 0
Number of asset objects unloaded after import = 0
========================================================================
Received Prepare
Caller must complete domain reload
Begin MonoManager ReloadAssembly
- Loaded All Assemblies, in  0.579 seconds
Native extension for LinuxStandalone target not found
Native extension for WindowsStandalone target not found
Native extension for Android target not found
Mono: successfully reloaded assembly
- Finished resetting the current domain, in  1.014 seconds
Domain Reload Profiling: 1592ms
	BeginReloadAssembly (191ms)
		ExecutionOrderSort (0ms)
		DisableScriptedObjects (10ms)
		BackupInstance (0ms)
		ReleaseScriptingObjects (0ms)
		CreateAndSetChildDomain (51ms)
	RebuildCommonClasses (38ms)
	RebuildNativeTypeToScriptingClass (8ms)
	initialDomainReloadingComplete (43ms)
	LoadAllAssembliesAndSetupDomain (297ms)
		LoadAssemblies (372ms)
		RebuildTransferFunctionScriptingTraits (0ms)
		AnalyzeDomain (19ms)
			TypeCache.Refresh (9ms)
				TypeCache.ScanAssembly (0ms)
			ScanForSourceGeneratedMonoScriptInfo (0ms)
			ResolveRequiredComponents (7ms)
	FinalizeReload (1015ms)
		ReleaseScriptCaches (0ms)
		RebuildScriptCaches (0ms)
		SetupLoadedEditorAssemblies (595ms)
			LogAssemblyErrors (0ms)
			InitializePlatformSupportModulesInManaged (84ms)
			SetLoadedEditorAssemblies (5ms)
			RefreshPlugins (0ms)
			BeforeProcessingInitializeOnLoad (77ms)
			ProcessInitializeOnLoadAttributes (387ms)
			ProcessInitializeOnLoadMethodAttributes (34ms)
			AfterProcessingInitializeOnLoad (6ms)
			EditorAssembliesLoaded (0ms)
		ExecutionOrderSort2 (0ms)
		AwakeInstancesAfterBackupRestoration (6ms)
Refreshing native plugins compatible for Editor in 0.98 ms, found 0 plugins.
Preloading 0 native plugins for Editor in 0.00 ms.
Unloading 3150 Unused Serialized files (Serialized files now loaded: 0)
Unloading 26 unused Assets / (0.6 MB). Loaded Objects now: 3657.
Memory consumption went from 121.1 MB to 120.5 MB.
Total: 5.474160 ms (FindLiveObjects: 0.472406 ms CreateObjectMapping: 0.113073 ms MarkObjects: 4.428286 ms  DeleteObjects: 0.451733 ms)

Prepare: number of updated asset objects reloaded= 0
AssetImportParameters requested are different than current active one (requested -> active):
  custom:container-demuxer-ogg: 62fdf1f143b41e24485cea50d1cbac27 -> 
  custom:video-decoder-ogg-theora: a1e56fd34408186e4bbccfd4996cb3dc -> 
  custom:CustomObjectIndexerAttribute: 232f87dd983dbecb2a4e21e08eb2cef8 -> 
  custom:container-demuxer-webm: 4f35f7cbe854078d1ac9338744f61a02 -> 
  custom:scripting/monoscript/fileName/GameController.cs: b39d91587c2553fd886ac9cec92f1e80 -> 
  custom:container-muxer-webm: aa71ff27fc2769a1b78a27578f13a17b -> 
  custom:video-decoder-webm-vp8: 9c59270c3fd7afecdb556c50c9e8de78 -> 
  custom:SearchIndexIgnoredProperties: e643bd26f0fe6173181afceb89e7c659 -> 
  custom:AudioImporter_EditorPlatform: 2f0ff77a95e0ac474e3e8eeba4e2f7cb -> 
  custom:video-encoder-webm-vp8: eb34c28f22e8b96e1ab97ce403110664 -> 
  custom:audio-decoder-ogg-vorbis: bf7c407c2cedff20999df2af8eb42d56 -> 
  custom:audio-encoder-webm-vorbis: bf7c407c2cedff20999df2af8eb42d56 -> 
  custom:scripting/precompiled-assembly-types:Assembly-CSharp: 4aac4da1c6d59c8a021cef633c6a06b3 -> 880696343ac443114308543b9686cc6b
========================================================================
Received Prepare
Caller must complete domain reload
Begin MonoManager ReloadAssembly
- Loaded All Assemblies, in  0.570 seconds
Native extension for LinuxStandalone target not found
Native extension for WindowsStandalone target not found
Native extension for Android target not found
Mono: successfully reloaded assembly
- Finished resetting the current domain, in  1.001 seconds
Domain Reload Profiling: 1571ms
	BeginReloadAssembly (194ms)
		ExecutionOrderSort (0ms)
		DisableScriptedObjects (11ms)
		BackupInstance (0ms)
		ReleaseScriptingObjects (0ms)
		CreateAndSetChildDomain (56ms)
	RebuildCommonClasses (40ms)
	RebuildNativeTypeToScriptingClass (9ms)
	initialDomainReloadingComplete (44ms)
	LoadAllAssembliesAndSetupDomain (283ms)
		LoadAssemblies (343ms)
		RebuildTransferFunctionScriptingTraits (0ms)
		AnalyzeDomain (27ms)
			TypeCache.Refresh (9ms)
				TypeCache.ScanAssembly (0ms)
			ScanForSourceGeneratedMonoScriptInfo (9ms)
			ResolveRequiredComponents (7ms)
	FinalizeReload (1002ms)
		ReleaseScriptCaches (0ms)
		RebuildScriptCaches (0ms)
		SetupLoadedEditorAssemblies (583ms)
			LogAssemblyErrors (0ms)
			InitializePlatformSupportModulesInManaged (78ms)
			SetLoadedEditorAssemblies (5ms)
			RefreshPlugins (0ms)
			BeforeProcessingInitializeOnLoad (80ms)
			ProcessInitializeOnLoadAttributes (379ms)
			ProcessInitializeOnLoadMethodAttributes (34ms)
			AfterProcessingInitializeOnLoad (6ms)
			EditorAssembliesLoaded (0ms)
		ExecutionOrderSort2 (0ms)
		AwakeInstancesAfterBackupRestoration (6ms)
Refreshing native plugins compatible for Editor in 1.01 ms, found 0 plugins.
Preloading 0 native plugins for Editor in 0.00 ms.
Unloading 3150 Unused Serialized files (Serialized files now loaded: 0)
Unloading 26 unused Assets / (0.6 MB). Loaded Objects now: 3660.
Memory consumption went from 121.1 MB to 120.5 MB.
Total: 4.532629 ms (FindLiveObjects: 0.445308 ms CreateObjectMapping: 0.103575 ms MarkObjects: 3.576571 ms  DeleteObjects: 0.397956 ms)

Prepare: number of updated asset objects reloaded= 0
AssetImportParameters requested are different than current active one (requested -> active):
  custom:container-demuxer-ogg: 62fdf1f143b41e24485cea50d1cbac27 -> 
  custom:video-decoder-ogg-theora: a1e56fd34408186e4bbccfd4996cb3dc -> 
  custom:CustomObjectIndexerAttribute: 232f87dd983dbecb2a4e21e08eb2cef8 -> 
  custom:container-demuxer-webm: 4f35f7cbe854078d1ac9338744f61a02 -> 
  custom:scripting/monoscript/fileName/GameController.cs: b39d91587c2553fd886ac9cec92f1e80 -> 
  custom:container-muxer-webm: aa71ff27fc2769a1b78a27578f13a17b -> 
  custom:video-decoder-webm-vp8: 9c59270c3fd7afecdb556c50c9e8de78 -> 
  custom:SearchIndexIgnoredProperties: e643bd26f0fe6173181afceb89e7c659 -> 
  custom:AudioImporter_EditorPlatform: 2f0ff77a95e0ac474e3e8eeba4e2f7cb -> 
  custom:video-encoder-webm-vp8: eb34c28f22e8b96e1ab97ce403110664 -> 
  custom:audio-decoder-ogg-vorbis: bf7c407c2cedff20999df2af8eb42d56 -> 
  custom:audio-encoder-webm-vorbis: bf7c407c2cedff20999df2af8eb42d56 -> 
  custom:scripting/precompiled-assembly-types:Assembly-CSharp: 4aac4da1c6d59c8a021cef633c6a06b3 -> 880696343ac443114308543b9686cc6b
